chunk_id,chunk_string,source,metadata_tags
red_flags_1_0001,"350 | july 2020 | volume 50 | number 7 | journal of orthopaedic & sports physical therapy [ position statement ] I dentifying serious pathology as the cause of a person’s musculoskeletal presentation is complex. Red flags have historically been used to help clinicians identify serious spinal pathology, and the majority of guidelines recommend the use of red flags. However, guidelines are not consistent about which red flags should be considered when examining people seeking care for musculoskeletal disorders. This has led to confusion and inconsistency in the management of people skeletal services can play an important role in early identification of serious pa - thology, ensuring that people achieve the best possible outcome. The prevalence of serious pathology will vary depending on where in the clinical pathway the clini - cian has contact with the person. Spinal surgeons likely see more cases of serious pathology than general practitioners do, and physical therapists probably see a number in between, depending on where they are on their clinical pathway. Thera- pists working at an advanced-practice level are likely to see more serious pa - thology, as the populations they serve",title: International Framework for Red Flags for Potential Serious Spinal Pathologies | author: Finucane L | year: 2020 | authority: Journal of Orthopaedic and Sports Physical Therapy | doi: 10.2519/jospt.2020.9971,corpus=red_flags;source_id=1;doc=1.pdf;chunk_index=1;chunk_method=pypdf
red_flags_1_0002,"are likely to have more complex presen - tations.86 Clinicians must consider the context within which red flags exist, and clinically reason the relevance of the in - formation gathered to determine wheth- er any action is required. Person-Centered Care Working with people with possible seri - ous pathology can be challenging, and a collaborative approach is essential. A possible diagnosis of serious pathology can be extremely worrying for people in regard to their families and careers. Peo- ple must be involved in decision making U SYNOPSIS: The International Federation of Ortho- paedic Manipulative Physical Therapists (IFOMPT) led the development of a framework to help clinicians assess and manage people who may have serious spinal pathology. While rare, serious spinal pathology can have devastating and life-changing or life-limiting consequences, and must be identified early and managed appropri- ately. Red flags (signs and symptoms that might raise suspicion of serious spinal pathology) have historically been used by clinicians to identify serious spinal pathology. Currently, there is an absence of high-quality evidence for the diagnostic accuracy of most red flags. This",title: International Framework for Red Flags for Potential Serious Spinal Pathologies | author: Finucane L | year: 2020 | authority: Journal of Orthopaedic and Sports Physical Therapy | doi: 10.2519/jospt.2020.9971,corpus=red_flags;source_id=1;doc=1.pdf;chunk_index=2;chunk_method=pypdf
red_flags_1_0003,"framework is intended to provide a clinical-reasoning pathway to clarify the role of red flags.J Orthop Sports Phys Ther 2020;50(7):350- 372. Epub 21 May 2020. doi:10.2519/jospt.2020.9971 U KEY WORDS: cauda equina syndrome, clinical reasoning, malignancy, spinal fracture, spinal infection 1Sussex MSK Partnership, Brighton, United Kingdom. 2Department of Chiropractic, Faculty of Science and Engineering, Macquarie University, North Ryde, Australia. 3Institute for Musculoskeletal Health, School of Public Health, The University of Sydney, Sydney, Australia. 4Western Sussex Hospitals NHS Foundation T rust, Chichester , United Kingdom. 5Bolton NHS Foundation T rust, Bolton, United Kingdom. 6Department of Health Professions, Manchester Metropolitan University, Manchester , United Kingdom. 7American Physical Therapy Association, Alexandria, VA. 8Department of Human Movement Sciences, Faculty of Behavioral and Movement Sciences, Vrije Universiteit Amsterdam, Amsterdam, the Netherlands. 9Department of Physical Therapy, College of Public Health and Health Professions, University of Florida, Gainesville, FL. 10Brooks Rehabilitation, Jacksonville, FL. 11Physical Therapy Department, Satakunta",title: International Framework for Red Flags for Potential Serious Spinal Pathologies | author: Finucane L | year: 2020 | authority: Journal of Orthopaedic and Sports Physical Therapy | doi: 10.2519/jospt.2020.9971,corpus=red_flags;source_id=1;doc=1.pdf;chunk_index=3;chunk_method=pypdf
red_flags_1_0004,"University of Applied Sciences, Pori, Finland. The following organizations provided financial support for the development and dissemination of this framework: the Canadian Academy of Manipulative Physiotherapy, Chartered Society of Physiotherapy, International Maitland T eachers Association, Musculoskeletal Association of Chartered Physiotherapists, Private Physiotherapy Educational Foundation, and Swiss Association for Orthopaedic Manipulative Physiotherapy. The authors certify that they have no affiliations with or financial involvement in any organization or entity with a direct financial interest in the subject matter or materials discussed in the article. Address correspondence to Laura Finucane, Sussex MSK Partnership, 177 Preston Road, BN1 6AG Brighton, UK. E-mail: laura.finucane@nhs.net U Copyright ©2020 Journal of Orthopaedic & Sports Physical Therapy® LAURA M. FINUCANE, MSc, BSc, FCSP , FMACP1 • ARON DOWNIE, MPhil, BSc, MChiro2,3 CHRISTOPHER MERCER, MSc, Grad Dip Phys, PG Cert (Clin Ed), FCSP , FMACP4 • SUSAN M. GREENHALGH, PhD, MA, Phys FCSP5,6 WILLIAM G. BOISSONNAUL T , PT , DPT , DHSc7 • ANNELIES L. POOL-GOUDZWAARD, PT , PhD, MT , MSc Psych8 JASON M. BENECIUK, PT , DPT",title: International Framework for Red Flags for Potential Serious Spinal Pathologies | author: Finucane L | year: 2020 | authority: Journal of Orthopaedic and Sports Physical Therapy | doi: 10.2519/jospt.2020.9971,corpus=red_flags;source_id=1;doc=1.pdf;chunk_index=4;chunk_method=pypdf
red_flags_1_0005,", PhD, MPH9,10 • RACHEL L. LEECH, MSc, BSc6 • JAMES SELFE, DSc, PhD, MA, Grad Dip Phys, FCSP6,11 International Framework for Red Flags for Potential Serious Spinal Pathologies when there is suspicion of serious pathol- ogy, and, in some cases, to unnecessary and worrying medical tests or false reas - surance that there is no serious pathology. We aim to provide clinicians with a more standardized and consistent ap - proach to identifying people with po - tential serious spinal pathology. This framework has been developed by re - searchers and clinicians to provide a pragmatic approach for clinicians to screen for serious spinal pathology that can masquerade as musculoskeletal spi - nal conditions. The framework has been informed by available evidence and aug - mented by a formal consensus process that included academics and clinicians involved in the management of musculo- skeletal conditions. This framework aims to support a variety of health professionals, irrespec - tive of experience, who provide care for people with musculoskeletal spinal con - ditions. Clinicians working in musculo - Journal of Orthopaedic & Sports Physical Therapy® Downloaded from www.jospt.org at on May 21,",title: International Framework for Red Flags for Potential Serious Spinal Pathologies | author: Finucane L | year: 2020 | authority: Journal of Orthopaedic and Sports Physical Therapy | doi: 10.2519/jospt.2020.9971,corpus=red_flags;source_id=1;doc=1.pdf;chunk_index=5;chunk_method=pypdf
red_flags_1_0006,2026. For personal use only. No other uses without permission. Copyright © 2020 Journal of Orthopaedic & Sports Physical Therapy®. All rights reserved.,title: International Framework for Red Flags for Potential Serious Spinal Pathologies | author: Finucane L | year: 2020 | authority: Journal of Orthopaedic and Sports Physical Therapy | doi: 10.2519/jospt.2020.9971,corpus=red_flags;source_id=1;doc=1.pdf;chunk_index=6;chunk_method=pypdf
red_flags_1_0007,"journal of orthopaedic & sports physical therapy | volume 50 | number 7 | july 2020 | 351 about their care, even when faced with a serious diagnosis. Shared decision mak - ing is essential to ensure that individu - als are supported to make decisions that are right for them. Using a collaborative process, the clinician should highlight the treatment options, evidence, risks, and benefits and, together with the per - son, seek to understand how these fit with that person’s circumstances, goals, values, and beliefs. 56 Experts by Experience: How to Use This Framework Clear and open communication with people with potential serious pathology is vital. People presenting with spinal pain may have no concept that their bladder or bowel function might be af - fected, or that the spinal pain could be caused by serious pathologies such as in- fection or malignancy. Providing the rea- son for the questions in the framework is an important aspect of the consultation, as some of these questions may seem ir - relevant to a person who presents with back pain. Effective communication about red flags is vital. People can become worried before an appointment, especially if they have seen something",title: International Framework for Red Flags for Potential Serious Spinal Pathologies | author: Finucane L | year: 2020 | authority: Journal of Orthopaedic and Sports Physical Therapy | doi: 10.2519/jospt.2020.9971,corpus=red_flags;source_id=1;doc=1.pdf;chunk_index=7;chunk_method=pypdf
red_flags_1_0008,"worrying on televi - sion or the internet, heard a story from a friend or relative, or experienced medical misdiagnosis. Provide reassurance about why you are assessing for red flags, especially when the person is likely at low risk of having severe pathology. Consider the wording of your questions, your body language, tone of voice, and mannerisms when asking the questions. People must feel at ease when an - swering questions and not judged (eg, intravenous drug use, poor social and environmental factors). Ensure people have sufficient time to consider and com- municate their answers about something that they may never have considered be - fore (eg, their toilet habits and how those may have changed). Provide support regarding the emo - tional impact of being assessed for po - tentially life-changing conditions and, in some cases, being sent for further in - vestigations. When asking about subjects such as previous history of cancer, it is particularly important to offer appropri - ate emotional support and, when needed, help people find other services that can offer further support. How an International Framework Can Help Clinicians This is an internationally agreed-on framework",title: International Framework for Red Flags for Potential Serious Spinal Pathologies | author: Finucane L | year: 2020 | authority: Journal of Orthopaedic and Sports Physical Therapy | doi: 10.2519/jospt.2020.9971,corpus=red_flags;source_id=1;doc=1.pdf;chunk_index=8;chunk_method=pypdf
red_flags_1_0009,"to aid early assessment and initial management of people who pre - sent with potential serious spinal pathol- ogy. These conditions, while considered rare, can lead to devastating and life- changing/life-limiting consequences for people. The neurological function and quality of life of people with metastatic spinal cord compression (MSCC) can be preserved with early diagnosis, by facili - tating rapid access to appropriate treat - ment, reduction in nerve damage, and maintenance of spinal stability. 32 Sub - stantial litigation costs can be incurred by health care providers if serious spi - nal pathology is not identified early and managed appropriately. Litigation re - lating to cauda equina syndrome (CES) alone accounted for £25 million ($40 million) in claims against the National Health Service in the United Kingdom from 2010 to 2015. 54 This international framework has been developed on behalf of the Interna- tional Federation of Orthopaedic Manip- ulative Physical Therapists (IFOMPT) and has been coordinated by researchers at Manchester Metropolitan University. Due to a paucity of primary evidence, the framework has been developed by expert clinicians’ interpretation of the",title: International Framework for Red Flags for Potential Serious Spinal Pathologies | author: Finucane L | year: 2020 | authority: Journal of Orthopaedic and Sports Physical Therapy | doi: 10.2519/jospt.2020.9971,corpus=red_flags;source_id=1;doc=1.pdf;chunk_index=9;chunk_method=pypdf
red_flags_1_0010,"highest- quality evidence available. Key T erm: Red Flags Red flags are signs and symptoms that raise suspicion of serious spinal pathol - ogy. Until now, there has been little guid- ance on their use and they have been left to individual interpretation. For spinal pathology, 163 signs and symptoms have been reported as red flags, 32 includ - ing 119 symptoms from the individual’s history and 44 signs from the physical examination. The high number of red flags pre- sents a challenge in terms of their every - day practical utility. Few red flags, when used in isolation, are informative. Red flags used in combination have prom - ise,35 but further validation studies are required. There is a lack of high-quality evidence for the diagnostic accuracy of red flag tests, 20,34 and the evidence sup - ports only a limited number of red flags to raise suspicion of serious pathology. There is no consensus on which red flags are most useful to identify serious spinal pathology or how they should be used in the clinical setting.82 Despite the problems, red flag tests remain the best tools that health care practitioners have to raise suspicion of serious spinal pathology when used in combination",title: International Framework for Red Flags for Potential Serious Spinal Pathologies | author: Finucane L | year: 2020 | authority: Journal of Orthopaedic and Sports Physical Therapy | doi: 10.2519/jospt.2020.9971,corpus=red_flags;source_id=1;doc=1.pdf;chunk_index=10;chunk_method=pypdf
red_flags_1_0011,"with a thorough patient Key Clinical Messages • There is a lack of evidence to support the informativeness of the majority of red flags commonly used in clinical practice. • Few red flags, when used in isolation, are informative. Combinations of red flags demonstrate promise, but this work requires further validation. • Red flags remain the best tools at the clinician’s disposal to raise suspicion of serious spinal pathology, when used within the context of a thorough subjec- tive patient history and physical examination. • Clinicians should consider both the evidence to support red flags and the indi- vidual profile of the person’s determinants of health (eg, age, sex) to decide the level of concern (index of suspicion) for presence of serious spinal pathology. Journal of Orthopaedic & Sports Physical Therapy® Downloaded from www.jospt.org at on May 21, 2026. For personal use only. No other uses without permission. Copyright © 2020 Journal of Orthopaedic & Sports Physical Therapy®. All rights reserved.",title: International Framework for Red Flags for Potential Serious Spinal Pathologies | author: Finucane L | year: 2020 | authority: Journal of Orthopaedic and Sports Physical Therapy | doi: 10.2519/jospt.2020.9971,corpus=red_flags;source_id=1;doc=1.pdf;chunk_index=11;chunk_method=pypdf
red_flags_1_0012,"352 | july 2020 | volume 50 | number 7 | journal of orthopaedic & sports physical therapy [ position statement ] history and an appropriate physical ex - amination. Serious spinal pathology is associated with increasing age, although serious pathology can affect all ages. 33 Populations around the world are ag - ing, which presents challenges, as peo - ple with increased medical complexity and morbidities present more often to musculoskeletal services. Consequently, therapists may see more patients with serious pathology. Goal of the International Framework Given the paucity of high-quality evi - dence to guide practice, we built this framework on multiple perspectives, including synthesizing the current re - search data, expert consensus and opin - ion, and steering-group consensus, to reflect an evidence-based practice ap - proach.77 The framework is intended to provide clinicians with a clear clinical- reasoning pathway to clarify the role of red flags in identifying serious spinal pathology. Decision T ool for Early Identification of Serious Spinal Pathology The basis of our framework is a decision tool to help clinicians identify serious spi- nal pathology. The tool has 3",title: International Framework for Red Flags for Potential Serious Spinal Pathologies | author: Finucane L | year: 2020 | authority: Journal of Orthopaedic and Sports Physical Therapy | doi: 10.2519/jospt.2020.9971,corpus=red_flags;source_id=1;doc=1.pdf;chunk_index=12;chunk_method=pypdf
red_flags_1_0013,"steps: 1. Determine your level of concern. Con- sider the evidence to support red flags and the individual profile of the per - son’s health determinants (eg, age, sex) to decide your level of concern (your in- dex of suspicion) about the presence of serious pathology (FIGURE 1). 2. Decide on your clinical action, based on your level of concern determined in step 1 (FIGURE 2). 3. Consider the pathway for emergency/ urgent referral. Know your local refer- ral pathways and pathways to access specialist care if indicated (FIGURE 3). Prioritize Serious Spinal Pathologies In 2016, the member organizations of IF- OMPT, a subgroup of the World Confed- eration for Physical Therapy, identified 4 priority areas for discussion and research on red flags (incidence data presented in TABLE 1): CES, spinal fracture, malignan - cy, and spinal infection. The following sections summarize the red flags for each of the 4 prioritized se - rious spinal pathologies and outline risk factors, symptoms, signs, and initial in - vestigations. Each section concludes with a series of clinical-reasoning scenarios. Red ﬂags (supported by high- quality evidence) Red ﬂags (supported by consensus only) Pr evalence",title: International Framework for Red Flags for Potential Serious Spinal Pathologies | author: Finucane L | year: 2020 | authority: Journal of Orthopaedic and Sports Physical Therapy | doi: 10.2519/jospt.2020.9971,corpus=red_flags;source_id=1;doc=1.pdf;chunk_index=13;chunk_method=pypdf
red_flags_1_0014,"of pathology Symptom progression Response to care Repeat visit? Comorbidities Urgency (consequence of delay) versus Red ﬂags in combination Consider within the context of the patient proﬁle (eg, sex, age, race) Level of concern Evidence Clinical proﬁle FIGURE 1. Decision tool for early identification of potential serious spinal pathology, step 1. Consider the evidence to support red flags, together with the clinical and patient profiles, when determining your level of concern for serious pathology. LOW HIGH No concerning features Few concerning features Some concerning features Some concerning features Decision: Begin a trial of therapy Revise management if clinical features change unexpectedly Decision: Begin a trial of therapy with watchful waiting Begin a trial of therapy Revise management if clinical features change unexpectedly Monitor progress closely (vigilance) Decision: URGENT referral DO NOT begin a trial of therapy Further investigation or referral is warranted Decision: EMERGENCY referral DO NOT begin a trial of therapy Emergency referral is warranted Level of Concern FIGURE 2. Decision tool for early identification of potential serious spinal pathology, step 2. Decide",title: International Framework for Red Flags for Potential Serious Spinal Pathologies | author: Finucane L | year: 2020 | authority: Journal of Orthopaedic and Sports Physical Therapy | doi: 10.2519/jospt.2020.9971,corpus=red_flags;source_id=1;doc=1.pdf;chunk_index=14;chunk_method=pypdf
red_flags_1_0015,"your clinical action based on your level of concern. Journal of Orthopaedic & Sports Physical Therapy® Downloaded from www.jospt.org at on May 21, 2026. For personal use only. No other uses without permission. Copyright © 2020 Journal of Orthopaedic & Sports Physical Therapy®. All rights reserved.",title: International Framework for Red Flags for Potential Serious Spinal Pathologies | author: Finucane L | year: 2020 | authority: Journal of Orthopaedic and Sports Physical Therapy | doi: 10.2519/jospt.2020.9971,corpus=red_flags;source_id=1;doc=1.pdf;chunk_index=15;chunk_method=pypdf
red_flags_1_0016,"journal of orthopaedic & sports physical therapy | volume 50 | number 7 | july 2020 | 353 (For all the key definitions used in this document, see APPENDIX A , available at www.jospt.org). Method: Haute Autorité de Santé Consensus Method This framework combines an evidence synthesis and international expert con - sensus. We followed the Haute Autorité de Santé recommendations for the devel- opment of clinical guidelines.3 Phase 1 We reviewed systematic reviews and other key papers summarizing avail- able evidence related to red flags in 1 or more of the 4 key spinal pathologies (see APPENDIX B , available at www.jospt.org , for an evidence summary table). This led to the formulation of 4 international expert consensus questionnaires, 1 for each key pathology. Phase 2 Jisc Online Surveys (Jisc, Bris - tol, UK) was used to administer the 4 separate questionnaires developed in phase 1. The international expert group (100 experts from 19 countries) rated red flag statements based on the evidence presented (phase 1) and their own expe - rience. Each section reports separately on how many experts were involved in the consensus process for that section. Ano - Person referred with",title: International Framework for Red Flags for Potential Serious Spinal Pathologies | author: Finucane L | year: 2020 | authority: Journal of Orthopaedic and Sports Physical Therapy | doi: 10.2519/jospt.2020.9971,corpus=red_flags;source_id=1;doc=1.pdf;chunk_index=16;chunk_method=pypdf
red_flags_1_0017,"musculoskeletal condition Few concerning features Some concerning features No concerning features Progress as expected T reat as planned and monitor symptoms Consider further investigation/ referral The timing of this will depend on the speciﬁc pathology, but may be urgent or same day/ emergency. Refer to condition-speciﬁc sections for details. If investigations are negative, consider further referral or restart treatment T reatment proceeds as expected and patient is discharged from care Progress as expected Not improving or new concerning features Consider watchful wait Initiate treatment and safety neta patient FIGURE 3. Decision tool for early identification of potential serious spinal pathology, step 3. Consider the pathway for emergency/ urgent referral if indicated. aSafety netting is a management strategy used for people who may present with possible serious pathology. These strategies should include advice on which signs and symptoms to look out for , which action to take if symptoms deteriorate, and the time frame within which action should be taken.37",title: International Framework for Red Flags for Potential Serious Spinal Pathologies | author: Finucane L | year: 2020 | authority: Journal of Orthopaedic and Sports Physical Therapy | doi: 10.2519/jospt.2020.9971,corpus=red_flags;source_id=1;doc=1.pdf;chunk_index=17;chunk_method=pypdf
red_flags_1_0018,"TABLE 1 Prevalence Estimates for Key Pathologies When Presenting With Back Pain a Abbreviations: CES, cauda equina syndrome; ED, emergency department; LBP, low back pain; OCF, osteoporotic compression fracture. aValues are estimated point prevalence or incidence (where indicated). bInfective spondylitis in all settings: 0.0004% 21 (in developed countries). Primary Care Secondary Care T ertiary Care: ED T ertiary Care: Spine Center CES Estimated incidence (UK): 0.002%31 Back pain: 0.04%17 LBP: 0.4%66 Fracture: OCF LBP: 0.7%,35 3.0%,73 4.0%,41 4.1%,80 4.5%16 Left X-ray: 2.6%69 Back pain: 6.5%29 Left X-ray: 7 .3%,65 11.0%68 LBP: 5.6%66 Fracture: traumatic LBP: <1%41 Malignancy LBP: 0.0%,35 0.1%,19 0.2%,43 0.2%,26 0.6%,16 0.7%15 Nonmechanical pain: 0.7%41 Musculoskeletal pain: 7 .0%40 LBP: 0.1%68 LBP: 1.6%66 Lumbar restriction: 6.0%13 Infectionb Nonmechanical LBP: 0.01%41 LBP: 1.2%66 Postprocedural discitis represents up to 30% of all cases of pyogenic spondylodiscitis21 Journal of Orthopaedic & Sports Physical Therapy® Downloaded from www.jospt.org at on May 21, 2026. For personal use only. No other uses without permission. Copyright © 2020 Journal of Orthopaedic & Sports Physical",title: International Framework for Red Flags for Potential Serious Spinal Pathologies | author: Finucane L | year: 2020 | authority: Journal of Orthopaedic and Sports Physical Therapy | doi: 10.2519/jospt.2020.9971,corpus=red_flags;source_id=1;doc=1.pdf;chunk_index=18;chunk_method=pypdf
red_flags_1_0019,"354 | july 2020 | volume 50 | number 7 | journal of orthopaedic & sports physical therapy [ position statement ] nymized responses were returned online using a rating scale between 1 and 9 (1 be- ing totally inappropriate, 9 being totally appropriate). All results were reviewed by the steering committee. We calculated the median score for each statement. Statements with a me - dian score of 7 or above were classed as consensus appropriate, and those with a median score of 3.5 or less were classed as consensus inappropriate. 3 Any re - maining items that had not gained con - sensus by this point were reviewed by the steering committee, and a consen - sus decision was then taken to either in - clude or exclude these items in the draft framework. Phase 3 The draft framework was de - veloped by the steering group based on a synthesis of the results from phases 1 and 2. Phase 4 The draft framework was pre - sented to an international peer-review group (70 individuals) for opinion on the content, independent of the people taking part in phase 2. The international peer-review group was invited to rate the content via an online questionnaire. The review group rated each section of the",title: International Framework for Red Flags for Potential Serious Spinal Pathologies | author: Finucane L | year: 2020 | authority: Journal of Orthopaedic and Sports Physical Therapy | doi: 10.2519/jospt.2020.9971,corpus=red_flags;source_id=1;doc=1.pdf;chunk_index=19;chunk_method=pypdf
red_flags_1_0020,"framework based on the following criteria: • Applicability: relevance to the clinical practice • Acceptability: clinical usefulness or helpfulness • Readability: ease of reading They were also able to offer sugges - tions on changes/improvements. This peer-review group included chiroprac - tors, osteopaths, physical therapists, experts by experience, and member orga- nization delegates of the IFOMPT. The response rate of 41% included individuals from 13 countries. The median score for each section was calculated. All sections gained a median score of 7 or above and were therefore classed as appropriate ac- cording to the Haute Autorité de Santé method. All comments were reviewed by the steering committee and relevant changes made to the framework. Phase 5 Based on the phase 4 feedback, the steering group developed the final version of the clinical framework. Cauda Equina Syndrome The cauda equina comprises 20 nerve roots that originate from the conus medullaris at the base of the spinal cord. Cauda equina syndrome occurs as a result of compression of these neural structures. Cauda equina syndrome is challenging to diagnose and manage in a timely manner. It may present in any",title: International Framework for Red Flags for Potential Serious Spinal Pathologies | author: Finucane L | year: 2020 | authority: Journal of Orthopaedic and Sports Physical Therapy | doi: 10.2519/jospt.2020.9971,corpus=red_flags;source_id=1;doc=1.pdf;chunk_index=20;chunk_method=pypdf
red_flags_1_0021,"clinical setting, and clinicians must effectively and efficiently reason through their findings to provide timely management. Timely diagnosis is essential to avoid life-changing outcomes such as ongoing bladder, bowel, and sex- ual dysfunction, along with psychosocial consequences.31 Literature and International Consen - sus Three key source papers were used to formulate the international consen - sus questionnaire for this section on CES18,28,31 ( APPENDIX B ). The question - naire was sent to 23 international ex - perts and contained 25 items ( TABLES 2 through 6). Epidemiology The incidence of CES in the United Kingdom has been estimated to be 0.002%.31 The overall prevalence of CES has been estimated to range from 1 in 33 000 to 1 in 100 000 persons.48 Point prevalence of CES as a cause of low back pain (LBP) is estimated at 0.04% in pri - mary care 17 and 0.4% in tertiary care. 66 Cauda equina syndrome is a complica - tion of approximately 2% of all herniated discs.18 The incidence of postoperative CES is estimated to be between 0.08% and 0.2%.42 Twenty-three percent of litigation claims for spinal surgery in England re - late to CES, according to an assessment of litigation",title: International Framework for Red Flags for Potential Serious Spinal Pathologies | author: Finucane L | year: 2020 | authority: Journal of Orthopaedic and Sports Physical Therapy | doi: 10.2519/jospt.2020.9971,corpus=red_flags;source_id=1;doc=1.pdf;chunk_index=21;chunk_method=pypdf
red_flags_1_0022,"claims in England between 2013-2015 and 2015-2016.39 Risk Factors Compression of the cauda equina usually occurs as a result of a disc prolapse.18 However, any space-occupy - ing lesion could cause cauda equina com- pression. Relevant symptoms that can be precursors to CES are unilateral or bilat- eral radicular pain, dermatomal reduced sensation, and myotomal weakness. If symptoms progress from the pre - cursors described above, with any sug - gestion of changes in bladder or bowel function or saddle sensory disturbance, then suspect CES. Clinical cue cards and credit card–size patient information handouts can aid communicating sen - sitive, sometimes subtle but important symptoms,22 and should form the basis of your questioning. Clinical Picture If you suspect CES, perform a full neurological assessment to establish dermatome sensory loss, myotome weakness, or reflex changes. 28 A digital rectal examination is no lon - ger considered essential in a primary care setting in the United Kingdom. It is necessary in secondary care to evalu - ate loss of anal sphincter tone. Sensation to light touch and pinprick throughout the saddle region, including the but - tocks, inner thighs, and",title: International Framework for Red Flags for Potential Serious Spinal Pathologies | author: Finucane L | year: 2020 | authority: Journal of Orthopaedic and Sports Physical Therapy | doi: 10.2519/jospt.2020.9971,corpus=red_flags;source_id=1;doc=1.pdf;chunk_index=22;chunk_method=pypdf
red_flags_1_0023,"perianal region, is a necessary test in any clinical situa - tion. These intimate objective tests must only be performed by an appropriately trained clinician, with a chaperone for the benefit of both the person and the TABLE 2 Number of Cauda Equina Syndrome Red Flags Gaining Consensus Number of Red Flags Questionnaire sent to 23 international experts 25 items reviewed • 18 items reached consensus as appropriate • 2 items reached consensus as inappropriate • 5 items had no consensus Steering committee reviewed results 20 items included in the framework (TABLES 3 through 6) (2 items combined) 4 items excluded (APPENDIX C) Journal of Orthopaedic & Sports Physical Therapy® Downloaded from www.jospt.org at on May 21, 2026. For personal use only. No other uses without permission. Copyright © 2020 Journal of Orthopaedic & Sports Physical Therapy®. All rights reserved.",title: International Framework for Red Flags for Potential Serious Spinal Pathologies | author: Finucane L | year: 2020 | authority: Journal of Orthopaedic and Sports Physical Therapy | doi: 10.2519/jospt.2020.9971,corpus=red_flags;source_id=1;doc=1.pdf;chunk_index=23;chunk_method=pypdf
red_flags_1_0024,"journal of orthopaedic & sports physical therapy | volume 50 | number 7 | july 2020 | 355
clinician. Conduct the assessment while 
considering cultural sensitivities, local 
pathways, medicolegal frameworks, and 
state regulations.
People should be sent for emergency 
magnetic resonance imaging (MRI) 
and surgical opinion. Positive findings 
are likely to be accompanied by an ul -
trasound of the bladder. It is important 
to know your local care pathway so 
that people are managed appropriately. 
When a person does not currently have 
CES but there is a suspicion that he or 
she may later develop CES, it is essen -
tial that the person is “safety netted” 
(ie, informed about what to look out 
for and what to do if symptoms of CES 
develop).
CES Clinical-Reasoning Scenarios
Case 1
A woman is urgently referred to you with 
back pain. Within the wider detailed sub-
jective and objective examination, there",title: International Framework for Red Flags for Potential Serious Spinal Pathologies | author: Finucane L | year: 2020 | authority: Journal of Orthopaedic and Sports Physical Therapy | doi: 10.2519/jospt.2020.9971,corpus=red_flags;source_id=1;doc=1.pdf;chunk_index=24;chunk_method=pypdf
red_flags_1_0025,"TABLE 3 Risk Factors for Cauda Equina Syndrome Abbreviations: CES, cauda equina syndrome; LSS, lumbar spinal stenosis; NA, not applicable. Risk Factor/Level of Evidence Context Further Questions Low Clinical Suspicion High Clinical Suspicion Herniated intervertebral disc Low The most common cause arises from a large central disc herniation at the L4-5 or L5-S1 level51 Those under 50 y of age carry a higher risk, as do obese people Relevant symptoms that can be a precursor to CES: • Unilateral or bilateral radicular pain and/ or • Dermatomal reduced sensation and/ or • Myotomal weakness11 How old are you? Do you have any leg pain? Where exactly is the pain in your legs (above or below knees)? Is the pain down both legs at the same time? Do you have any pins and needles or numbness in your legs, inner thighs, bottom, or genitals? Do you feel any weakness in your legs? No leg pain, normal neurology, and no CES symptoms • Unilateral or bilateral radicular pain and/ or dermatomal reduced sensation and/ or myotomal weakness • Reduced saddle sensation (subjective or objective pinprick) • Bladder disturbance • Bowel disturbance • Reduced anal tone/ absent squeeze • Sexual disturbance31",title: International Framework for Red Flags for Potential Serious Spinal Pathologies | author: Finucane L | year: 2020 | authority: Journal of Orthopaedic and Sports Physical Therapy | doi: 10.2519/jospt.2020.9971,corpus=red_flags;source_id=1;doc=1.pdf;chunk_index=25;chunk_method=pypdf
red_flags_1_0026,"Presentations that increase the probability of acute threatened CES: • Back pain with - Presence of new saddle anesthesia, blad- der or bowel disturbance - Age, <50 y - Unilateral onset progressing to bilateral leg pain - Alternating leg pain - Presence of new motor weakness LSS Low The degenerative changes in the lumbar spine that are responsible for LSS have the potential to lead to a gradual compromise of the cauda equina nerve roots. This can result in slow-onset CES being overlooked or dismissed in older people11 CES symptoms associated with degenerative LSS are generally much less clear than with a herniated disc or claudication. A range of typical leg symptoms (eg, aching, cramping, tingling, and heaviness) provoked by walking and eased by sitting should be considered as important in LSS27 Can you describe any worsening symptoms, including your level of pain or symptoms in your legs? If 0 is no pain and 10 is the worst pain you have ever had, how low does the pain go ? How high does the pain go ? What makes it worse? What makes it better? Stable or no neuropathic leg symptoms Recurring and insidious but increasing back pain, with gradual onset of unilateral or bilateral",title: International Framework for Red Flags for Potential Serious Spinal Pathologies | author: Finucane L | year: 2020 | authority: Journal of Orthopaedic and Sports Physical Therapy | doi: 10.2519/jospt.2020.9971,corpus=red_flags;source_id=1;doc=1.pdf;chunk_index=26;chunk_method=pypdf
red_flags_1_0027,"lower-limb sensory disturbance and/ or motor weakness Incomplete bladder emptying, urinary hesitan- cy, incontinence, nocturia, or urinary tract infections. Bladder and/ or bowel dysfunction may progress gradually over time11 Spinal surgery Low CES is a risk with any lumbar spine surgical intervention ... NA Nerve injuries and paralysis can be caused by a number of problems, including • Bleeding inside the spinal column (extradu- ral spinal hematoma) • Leaking of spinal fluid (incidental durotomy) • Accidental damage to the blood vessels that supply the spinal cord with blood • Accidental damage to the nerves when they’re moved during surgery55 Journal of Orthopaedic & Sports Physical Therapy® Downloaded from www.jospt.org at on May 21, 2026. For personal use only. No other uses without permission. Copyright © 2020 Journal of Orthopaedic & Sports Physical Therapy®. All rights reserved.",title: International Framework for Red Flags for Potential Serious Spinal Pathologies | author: Finucane L | year: 2020 | authority: Journal of Orthopaedic and Sports Physical Therapy | doi: 10.2519/jospt.2020.9971,corpus=red_flags;source_id=1;doc=1.pdf;chunk_index=27;chunk_method=pypdf
red_flags_1_0028,"356 | july 2020 | volume 50 | number 7 | journal of orthopaedic & sports physical therapy
[ position statement ]",title: International Framework for Red Flags for Potential Serious Spinal Pathologies | author: Finucane L | year: 2020 | authority: Journal of Orthopaedic and Sports Physical Therapy | doi: 10.2519/jospt.2020.9971,corpus=red_flags;source_id=1;doc=1.pdf;chunk_index=28;chunk_method=pypdf
red_flags_1_0029,"TABLE 4 Symptoms of Cauda Equina Syndrome Symptoms (subjective)/ Level of Evidence Context Further Questions Low Clinical Suspicion High Clinical Suspicion Sensory change (lower limbs) Low History of symptoms, pattern, progression, and time scale Consider existing comorbidities (eg, multiple sclerosis, diabetes) When did the sensation problems in your leg(s) start? Where did they begin and how did those symptoms change as time went on? Exactly where in your legs do you feel the symptoms? Do you have any other medical conditions? Normal neurology Sensory change (lower limbs) Motor weakness (lower limbs) Low Time scales of perceived weakness and progres- sion are important to establish Consider existing comorbidities (eg, aortic aneurysm) When did the weakness problems in your leg(s) start? Where did the weakness begin and how did those symptoms change as time went on? Do you have any other medical conditions? As above Motor weakness (lower limbs) Saddle sensory disturbance Low Precise extent of pins and needles and/ or numb- ness (eg, difference between bicycle/horse saddle) Previous history T rauma/ surgery Other potential pudendal nerve compression (eg, cycling) See CES cue card",title: International Framework for Red Flags for Potential Serious Spinal Pathologies | author: Finucane L | year: 2020 | authority: Journal of Orthopaedic and Sports Physical Therapy | doi: 10.2519/jospt.2020.9971,corpus=red_flags;source_id=1;doc=1.pdf;chunk_index=29;chunk_method=pypdf
red_flags_1_0030,"Exactly where do you feel the numbness in your bottom, inner thighs, or genitals? Where did it start and how has the numbness and/ or pins and needles changed over time? Do you have normal sensation when you wipe after toileting? How long has this been present? What hobbies do you have? Were any interventions used during childbirth? (where appropriate) Have you had any previous surgery? NA Saddle sensory disturbance Change in ability to achieve an erection or ejaculate Low History of symptoms, progression, and time scale comorbidities (eg, diabetes) Side effects from pharmacology (neuropathic medications, codeine) Age: older people may have spinal stenosis and are less likely to have acute CES Functional symptoms: psychosocial presentation and health care utilization See CES cue card When did these symptoms begin? If it was some time ago, are these symptoms different? Do you have any other medical conditions? Have you started any new medication? Were the symptoms present before you began this medication or after? Routine questions related to psychosocial distress NA Recent change in ability to achieve an erection or ejaculate Loss of sensation in genitals during sexual intercourse",title: International Framework for Red Flags for Potential Serious Spinal Pathologies | author: Finucane L | year: 2020 | authority: Journal of Orthopaedic and Sports Physical Therapy | doi: 10.2519/jospt.2020.9971,corpus=red_flags;source_id=1;doc=1.pdf;chunk_index=30;chunk_method=pypdf
red_flags_1_0031,"Low Previous history of sexual dysfunction? Is this different? See CES cue card for relevant questions that need to be asked, including the following: • When did these symptoms begin? • If it was some time ago, are these symptoms different? • Do you have any other medical conditions? Ask routine questions related to psychosocial distress NA Loss of sensation in genitals during sexual intercourse Urinary func- tion (eg, frequency) Low Previous history of bladder disturbance Establish precise change in function, such as hesitancy, change in stream, loss of sensation passing urine, inability to feel when the bladder is full or empty, and sensation of incomplete voiding See CES cue card for relevant questions that need to be asked, including the following: • When did the changes begin? • Describe the changes in urine function • Do you have any other medical conditions? • Have you started any new medication? • Were the symptoms present before you began this medication or after? NA Urinary function (eg, frequency) Urinary retention Low Previous history of bladder disturbance Most of these people will not have critical cauda equina compression. However , in the absence of reliably",title: International Framework for Red Flags for Potential Serious Spinal Pathologies | author: Finucane L | year: 2020 | authority: Journal of Orthopaedic and Sports Physical Therapy | doi: 10.2519/jospt.2020.9971,corpus=red_flags;source_id=1;doc=1.pdf;chunk_index=31;chunk_method=pypdf
red_flags_1_0032,"predictive symptoms and signs, there should be a low threshold for investigation with an emergency MRI scan28 Age: older people may have spinal stenosis and are less likely to have acute CES Functional symptoms: psychosocial presentation and health care utilization Be aware of an increase in health-seeking behavior See CES cue card for relevant questions that need to be asked, including the following: • When did the changes begin? • When did you last pass urine? • Have you started any new medication? • Were the symptoms present before you began this medication or after? • Do you have any other medical conditions? • Have you attended any other health care setting (GP , surgery, clinic, hospital, etc) because of this problem? - If so, who did you see and when? NA Urinary retention T able continues on page 357 . Journal of Orthopaedic & Sports Physical Therapy® Downloaded from www.jospt.org at on May 21, 2026. For personal use only. No other uses without permission. Copyright © 2020 Journal of Orthopaedic & Sports Physical Therapy®. All rights reserved.",title: International Framework for Red Flags for Potential Serious Spinal Pathologies | author: Finucane L | year: 2020 | authority: Journal of Orthopaedic and Sports Physical Therapy | doi: 10.2519/jospt.2020.9971,corpus=red_flags;source_id=1;doc=1.pdf;chunk_index=32;chunk_method=pypdf
red_flags_1_0033,journal of orthopaedic & sports physical therapy | volume 50 | number 7 | july 2020 | 357,title: International Framework for Red Flags for Potential Serious Spinal Pathologies | author: Finucane L | year: 2020 | authority: Journal of Orthopaedic and Sports Physical Therapy | doi: 10.2519/jospt.2020.9971,corpus=red_flags;source_id=1;doc=1.pdf;chunk_index=33;chunk_method=pypdf
red_flags_1_0034,"TABLE 4 Symptoms of Cauda Equina Syndrome (continued) Abbreviations: CES, cauda equina syndrome; GP, general practitioner; MRI, magnetic resonance imaging; NA, not applicable. Symptoms (subjective)/ Level of Evidence Context Further Questions Low Clinical Suspicion High Clinical Suspicion Urinary inconti- nence Low Previous history of bladder disturbance See CES cue card for relevant questions that need to be asked, including the following: • When did the changes begin? • When did you last pass urine? • Have you started any new medication? • Were the symptoms present before you began this medication or after? • Do you have any other medical conditions? • Have you attended any other health care setting (GP , surgery, clinic, hospital, etc) because of this problem? - If so, who did you see and when? NA Urinary inconti- nence Bowel inconti- nence Low Previous history of bowel disturbance See CES cue card for relevant questions that need to be asked, including the following: • When did the changes begin? • When did you last open your bowels? • Have you started any new medication? • Were the symptoms present before you began this medication or after? • Do you have any other medical",title: International Framework for Red Flags for Potential Serious Spinal Pathologies | author: Finucane L | year: 2020 | authority: Journal of Orthopaedic and Sports Physical Therapy | doi: 10.2519/jospt.2020.9971,corpus=red_flags;source_id=1;doc=1.pdf;chunk_index=34;chunk_method=pypdf
red_flags_1_0035,"conditions? • Have you attended any other health care setting (GP , surgery, clinic, hospital, etc) because of this problem? - If so, who did you see and when? NA Bowel incontinence Constipation Low Previous history of bowel disturbance History of symptoms and time scale Side effects from pharmacology (neuropathic medications, codeine) Age: older people may have spinal stenosis and are less likely to have acute CES Functional symptoms: psychosocial presentation and health care utilization See CES cue card When did the changes begin? When did you last pass a stool? Have you started any new medication? Were the symptoms present before you began this medication or after? Do you have any other medical conditions? Have you attended any other health care setting (GP , surgery, clinic, hospital, etc) because of this problem? • If so, who did you see and when? ... Constipation Unilateral/bilat- eral leg pain Low Unilateral radicular leg pain progressing to bilateral radicular leg pain is a concerning presentation The prevalence of bilateral leg pain in primary care is not known Consider other causes of leg pain: • Smoker • Cardiovascular disease Lesion higher in the spine When did the pain",title: International Framework for Red Flags for Potential Serious Spinal Pathologies | author: Finucane L | year: 2020 | authority: Journal of Orthopaedic and Sports Physical Therapy | doi: 10.2519/jospt.2020.9971,corpus=red_flags;source_id=1;doc=1.pdf;chunk_index=35;chunk_method=pypdf
red_flags_1_0036,"progress from 1 leg to 2? How far down each leg does the pain go ? Do you have any conditions that affect your heart or circulation? No CES symptoms Unilateral/bilateral leg pain Low back pain Low Presentations that increase the probability of acute threatened cauda equina Back pain with: • Presence of new saddle anesthesia, bladder or bowel disturbance • Age, <50 y • Unilateral onset progressing to bilateral leg pain • Alternating leg pain • Presence of new motor weakness • Obesity History of symptoms and time scale When did your back pain begin? How has it progressed? Do you have or have you had leg symptoms? • If so, where exactly is your leg pain? Consider questions on CES cue card if symptoms progress See context Low back pain Journal of Orthopaedic & Sports Physical Therapy® Downloaded from www.jospt.org at on May 21, 2026. For personal use only. No other uses without permission. Copyright © 2020 Journal of Orthopaedic & Sports Physical Therapy®. All rights reserved.",title: International Framework for Red Flags for Potential Serious Spinal Pathologies | author: Finucane L | year: 2020 | authority: Journal of Orthopaedic and Sports Physical Therapy | doi: 10.2519/jospt.2020.9971,corpus=red_flags;source_id=1;doc=1.pdf;chunk_index=36;chunk_method=pypdf
red_flags_1_0037,"358 | july 2020 | volume 50 | number 7 | journal of orthopaedic & sports physical therapy [ position statement ] are no positive items on the CES cue card. • LBP, no leg pain • No symptoms of CES • Clinical action: begin a trial of therapy Level of Concern HIGHLOW Case 2 The woman has back and leg pain. The pain in her leg is getting worse and is now radiating distally below the knee, and she has started to notice pain in the other leg. Nothing on CES questioning is positive, and there is no existing neuro - logical deficit. • Leg pain worsening • Signs of bilateral leg pain • Clinical action: safety net. The im - portant thing in this case is to dis - cuss and document a clear strategy to follow if symptoms deteriorate (safety net), ensuring the person is aware that she needs to act immedi - ately if things get worse Level of Concern HIGHLOW Case 3 The woman now has back and increas - ing leg pain bilaterally. She reports one episode of incontinence 4 weeks ago, but not since. Neurological examination is unremarkable. • Back and bilateral leg pain increasing • One episode of incontinence 4 weeks ago • Clinical action: urgent MRI and discuss and document a clear strategy to follow",title: International Framework for Red Flags for Potential Serious Spinal Pathologies | author: Finucane L | year: 2020 | authority: Journal of Orthopaedic and Sports Physical Therapy | doi: 10.2519/jospt.2020.9971,corpus=red_flags;source_id=1;doc=1.pdf;chunk_index=37;chunk_method=pypdf
red_flags_1_0038,if symptoms deteriorate (safety net) Level of Concern HIGHLOW Case 4 The woman has now developed a 1-week history of some numbness of the left side of the vagina. • Back and bilateral leg pain increasing,title: International Framework for Red Flags for Potential Serious Spinal Pathologies | author: Finucane L | year: 2020 | authority: Journal of Orthopaedic and Sports Physical Therapy | doi: 10.2519/jospt.2020.9971,corpus=red_flags;source_id=1;doc=1.pdf;chunk_index=38;chunk_method=pypdf
red_flags_1_0039,"TABLE 5 Signs of Cauda Equina Syndrome Abbreviations: CES, cauda equina syndrome; NA, not applicable. Signs (objective)/ Level of Evidence Context Physical Assessment Low Clinical Suspicion High Clinical Suspicion Sensory deficit in saddle to light touch and pinprick Low Examination in any clinical setting, but only if CES is suspected from the history Normal examination findings do not exclude the possibility of CES Consider previous trauma/ surgery to perineum Objective light touch and pinprick car- ried out by a suitably trained clinician with a chaperone present NA NA Abnormal lower-limb neurology Low Establish time frame of progression of neurology Other causes (eg, upper motor condition, peripheral neuropathy) Myotomes, dermatomes, and reflexes Consider tone, proprioception, and clonus Normal neurology Abnormal and progressing neurological deficit Management depends on the degree of neurological deficit: if there is gross motor weakness (<3/5) or deteriorat- ing neurology Reduced anal tone Low Examination in a secondary care setting, but only if CES is suspected from the history Normal examination findings would not exclude the possibility of CES Consider previous trauma/",title: International Framework for Red Flags for Potential Serious Spinal Pathologies | author: Finucane L | year: 2020 | authority: Journal of Orthopaedic and Sports Physical Therapy | doi: 10.2519/jospt.2020.9971,corpus=red_flags;source_id=1;doc=1.pdf;chunk_index=39;chunk_method=pypdf
red_flags_1_0040,surgery to perineum Digital rectal examination should be car- ried out by a suitably trained clinician with a chaperone present NA NA,title: International Framework for Red Flags for Potential Serious Spinal Pathologies | author: Finucane L | year: 2020 | authority: Journal of Orthopaedic and Sports Physical Therapy | doi: 10.2519/jospt.2020.9971,corpus=red_flags;source_id=1;doc=1.pdf;chunk_index=40;chunk_method=pypdf
red_flags_1_0041,"TABLE 6 Initial Investigations for Cauda Equina Syndrome
Abbreviations: CES, cauda equina syndrome; CT, computed tomography; MRI, magnetic resonance imaging.
Modality Context
MRI MRI is the gold standard investigation to confirm the diagnosis of CES
Most guidelines recommend that people presenting with any of these key clinical signs and symptoms be referred urgently18
CT scan If there are contraindications to MRI
 Journal of Orthopaedic & Sports Physical Therapy® 
 Downloaded from www.jospt.org at on May 21, 2026. For personal use only. No other uses without permission. 
 Copyright © 2020 Journal of Orthopaedic & Sports Physical Therapy®. All rights reserved.

journal of orthopaedic & sports physical therapy | volume 50 | number 7 | july 2020 | 359
• One episode of incontinence 4 weeks 
ago
• One-week history of vaginal numbness
• Clinical action: emergency MRI/refer 
onto emergency pathway",title: International Framework for Red Flags for Potential Serious Spinal Pathologies | author: Finucane L | year: 2020 | authority: Journal of Orthopaedic and Sports Physical Therapy | doi: 10.2519/jospt.2020.9971,corpus=red_flags;source_id=1;doc=1.pdf;chunk_index=41;chunk_method=pypdf
red_flags_1_0042,"Level of Concern HIGHLOW Suggested Pathway for Emergency/Ur - gent Referral Refer to the clinical de - cision tool for suggested pathways for emergency/urgent referral (FIGURE 3). Spinal Fracture Spinal fractures make up the largest number of serious pathologies in the spine. While these are predominantly a risk for older patients, especially women, clinicians need to be aware of the risk fac- tors and signs and symptoms of spinal fractures and to consider what detailed questions to ask to help with further management. Five key source papers were used to formulate the international consensus questionnaire for spinal fracture23,50,63,72,85 (APPENDIX B). The questionnaire was sent to 28 international experts and contained 27 items (TABLES 7 through 11). Epidemiology Estimates for the point prevalence of osteoporotic compression fracture as a cause of LBP range between 0.7% and 4.5% in the primary care set - ting16,35,41,73,80 and 6.5% in the emergency care setting. 29 Low-impact or nontrau - matic fractures are the most common serious pathology in the spine, with ver - tebral fractures being the most common osteoporotic fracture. Approximately 12% of women between 50 and 70 years of",title: International Framework for Red Flags for Potential Serious Spinal Pathologies | author: Finucane L | year: 2020 | authority: Journal of Orthopaedic and Sports Physical Therapy | doi: 10.2519/jospt.2020.9971,corpus=red_flags;source_id=1;doc=1.pdf;chunk_index=42;chunk_method=pypdf
red_flags_1_0043,"age and up to 20% of those over 70 years of age have vertebral fractures.72 As much as 70% of these fractures are undi- agnosed and found during investigation for other health conditions.50 It is important to identify people with vertebral fractures, as they are more like- ly to sustain later hip fractures, bringing further health consequences and risk for the person. Red flags purported to indi - cate possible fracture are unhelpful in diagnosing vertebral fracture, with many false-positive tests accompanied by low diagnostic accuracy. 85 Acting on single red flags is not recommended. Instead, consider broader risk factors and differ - ential diagnoses.85 Osteoporotic fractures have a similar distribution as metastases, with 70% in the thoracic region, 20% in the lumbar region, and 10% in the cer - vical region. Most spinal fractures occur between the T8 and L4 levels.64 Risk Factors An increasing number of younger people are affected by insuffi - ciency spinal fractures (fractures caused by normal stresses on weakened bone), due to a range of risk factors. These in - clude excessive alcohol consumption (risk increases when drinking greater than 3 units per day), vitamin D",title: International Framework for Red Flags for Potential Serious Spinal Pathologies | author: Finucane L | year: 2020 | authority: Journal of Orthopaedic and Sports Physical Therapy | doi: 10.2519/jospt.2020.9971,corpus=red_flags;source_id=1;doc=1.pdf;chunk_index=43;chunk_method=pypdf
red_flags_1_0044,"deficien- cy, long-term corticosteroid use (greater than 5 or 7.5 mg per day over a 3-month period), rheumatoid arthritis, diabetes, smoking (greater than 20 cigarettes per day61), dietary restriction, eating disor - ders, and absorption problems from the gut (eg, Crohn’s disease5,75). Establish the presence or absence of these risk factors with detailed history taking. Clinical Picture People commonly pre - sent with sudden onset of pain, mostly located in the thoracolumbar region, fol- lowing low-impact trauma such as a slip or trip or lifting something while in a flexed position. The pain varies in presentation, but is often severe and mostly localized to the area of the fracture.36 Weight-bearing activities and active movements are re - stricted and painful, and the person may require strong analgesia, particularly in the early stages. On physical examina - tion, the person may have an increased prominence of the spinous process at the affected level, and increased kyphosis. The person may be tender to percussion at the affected level, though absence of this should not reassure the clinician that there is no fracture. 50 People with a sus - pected fracture should have an X-ray",title: International Framework for Red Flags for Potential Serious Spinal Pathologies | author: Finucane L | year: 2020 | authority: Journal of Orthopaedic and Sports Physical Therapy | doi: 10.2519/jospt.2020.9971,corpus=red_flags;source_id=1;doc=1.pdf;chunk_index=44;chunk_method=pypdf
red_flags_1_0045,"in the first instance to determine whether a fracture is present, and to grade and de - fine the nature of the fracture. Differential Diagnosis Consider possible differential diagnoses for spinal fracture. These include metastatic spinal disease (see the Spinal Malignancy section) and multiple myeloma, both of which can cause healthy bone to be replaced by tu - mor. In the case of metastatic disease, 60% of metastases occur in the anterior half of the vertebral body, thus potential- ly weakening this area and leading to a wedge fracture. These fractures may look very similar on X-ray. Take a careful his- tory and explore any relevant risk factors for each type of pathology. Fractures from myeloma may also look very similar to osteoporotic fractures on X-ray, depending on the location. People with myeloma may present at a slightly earlier age than those with osteoporosis and metastases, but further imaging may be required to establish the cause of a fracture if there are no clear indications from the person’s subjective history. Clinical-Reasoning Scenarios Case 1 A 35-year-old man presents with sudden onset of thoracic pain after lifting a heavy TABLE 7 Number of Spinal Fracture",title: International Framework for Red Flags for Potential Serious Spinal Pathologies | author: Finucane L | year: 2020 | authority: Journal of Orthopaedic and Sports Physical Therapy | doi: 10.2519/jospt.2020.9971,corpus=red_flags;source_id=1;doc=1.pdf;chunk_index=45;chunk_method=pypdf
red_flags_1_0046,"Red Flags Gaining Consensus Number of Red Flags Questionnaire was sent to 28 international experts 27 items reviewed • 13 items reached consensus as appropriate • 14 items had no consensus • 0 items reached consensus as inappropriate Steering committee reviewed results 18 Items included in framework (TABLES 8 through 11) 9 items excluded (APPENDIX C) Journal of Orthopaedic & Sports Physical Therapy® Downloaded from www.jospt.org at on May 21, 2026. For personal use only. No other uses without permission. Copyright © 2020 Journal of Orthopaedic & Sports Physical Therapy®. All rights reserved.",title: International Framework for Red Flags for Potential Serious Spinal Pathologies | author: Finucane L | year: 2020 | authority: Journal of Orthopaedic and Sports Physical Therapy | doi: 10.2519/jospt.2020.9971,corpus=red_flags;source_id=1;doc=1.pdf;chunk_index=46;chunk_method=pypdf
red_flags_1_0047,"360 | july 2020 | volume 50 | number 7 | journal of orthopaedic & sports physical therapy
[ position statement ]",title: International Framework for Red Flags for Potential Serious Spinal Pathologies | author: Finucane L | year: 2020 | authority: Journal of Orthopaedic and Sports Physical Therapy | doi: 10.2519/jospt.2020.9971,corpus=red_flags;source_id=1;doc=1.pdf;chunk_index=47;chunk_method=pypdf
red_flags_1_0048,"TABLE 8 Risk Factors for Spinal Fracture Abbreviations: ACR, American College of Rheumatology; DEXA, dual-energy X-ray absorptiometry. Risk Factor/Level of Evidence Context Further Questions Low Clinical Suspicion High Clinical Suspicion History of osteo- porosis High History of osteoporosis increases the risk of fracture A family history of osteoporosis will also increase the risk of osteoporosis and fracture in women36 People with known osteoporosis have an increased risk of fracture, and those with a previous osteo- porotic fracture have a 5.4-fold increased risk of vertebral fracture and a 2.8-fold increased risk of hip fracture75 Medication for osteoporosis can reduce the risk of fracture in the following year by 50% to 80%72 Do you have osteoporosis? Do you have a family history of osteoporosis? Have you had previous osteoporotic fractures? Are you taking any medication for your osteoporosis? • If so, what are you taking? • If not, have you been prescribed it, or is there a reason you are not taking it? No family history No other osteoporotic risk factors No previous fractures Previous osteoporotic fractures Concurrent osteoporotic risk factors Corticosteroid use High Steroid",title: International Framework for Red Flags for Potential Serious Spinal Pathologies | author: Finucane L | year: 2020 | authority: Journal of Orthopaedic and Sports Physical Therapy | doi: 10.2519/jospt.2020.9971,corpus=red_flags;source_id=1;doc=1.pdf;chunk_index=48;chunk_method=pypdf
red_flags_1_0049,"use of 7 .5 mg for >3 mo increases the risk of osteoporosis.12,58 The effects of inhaled ste- roids are inconclusive in terms of bone mineral density, though the clinician should ask about high-dose inhaled steroid use75 Have you used steroid tablets or inhaled steroids? • How long have you used them for , and what dose did you use? No steroid use Steroid use of <5 mg over a 3-mo period in a year Steroid use of >5 mg over a 3-mo period Previous history of cancer Low Metastatic bone disease may decrease bone density, especially in the thoracic region (70% of cases) Do you have a history of cancer? • Where was the cancer? • What treatment did you have for your cancer? • What stage was the cancer? No past medical history of cancer History of cancer of the • breast • prostate • lung • kidney • thyroid Severe trauma High The more significant the amount of trauma, the higher the likelihood of bony injury (ACR guide- lines suggest a fall of 5 stairs or 3 ft)1 The position of the person at the time of injury is also important (eg, flexed, as this might pre- cipitate a fracture with a seemingly innocuous activity like coughing) Have you had a significant injury/fall from a height? Did your",title: International Framework for Red Flags for Potential Serious Spinal Pathologies | author: Finucane L | year: 2020 | authority: Journal of Orthopaedic and Sports Physical Therapy | doi: 10.2519/jospt.2020.9971,corpus=red_flags;source_id=1;doc=1.pdf;chunk_index=49;chunk_method=pypdf
red_flags_1_0050,"pain start suddenly after a particular activity, like coughing or sneezing? No immediate bony pain post injury Immediate spinal pain post injury Focal bony tenderness in the midline of the spine may indicate underlying bony injury Female sex High 19.8/1000 women have osteoporotic fracture 8.4/1000 men have osteoporotic fracture75 Women with late-onset menarche (>16 y)70 or early menopause (<45 y) are at higher risk of osteoporosis,81 and therefore spinal fracture How old were you when you started your periods? How old were you when you went through menopause? Women with normal menarche and normal menopause with no other risk factors Women who are postmenopausal, es- pecially those with early menopause or those with late menarche Older age High Bone density decreases with age in women and men 12% of women aged 50-70 y have had a spinal fracture, and 20% of women over 70 y have had a spinal fracture 70% of these will not know about it72 Have you had any investigations for your bones, such as X-rays or DEXA scans? People under 50 y Women over 65 y and men over 75 y have a higher risk of vertebral fracture75 Patients over 80 y have a very high likelihood of having had an osteopo- rotic",title: International Framework for Red Flags for Potential Serious Spinal Pathologies | author: Finucane L | year: 2020 | authority: Journal of Orthopaedic and Sports Physical Therapy | doi: 10.2519/jospt.2020.9971,corpus=red_flags;source_id=1;doc=1.pdf;chunk_index=50;chunk_method=pypdf
red_flags_1_0051,"fracture Previous spinal fracture High If previous fracture due to osteoporosis occurred, then the person has a 5.4-fold increased risk of vertebral fracture and a 2.8-fold increased risk of hip fracture within the year53,75 Have you had a previous spinal fracture? No previous history of spinal fracture Previous history of low-impact spinal fracture History of falls Low While the trauma of a fall may precipitate a fracture, multiple conditions can cause falls and immobility, especially in the older patient Parkinson’s disease, multiple sclerosis, dementia, alcoholism, and malnutrition can all increase the risk of falls61 All people with osteoporosis should be assessed for risk of falls58 All people should have a detailed past medical history taken People with no comorbidities People with comorbidities: the more they have, the higher risk they have of falling Journal of Orthopaedic & Sports Physical Therapy® Downloaded from www.jospt.org at on May 21, 2026. For personal use only. No other uses without permission. Copyright © 2020 Journal of Orthopaedic & Sports Physical Therapy®. All rights reserved.",title: International Framework for Red Flags for Potential Serious Spinal Pathologies | author: Finucane L | year: 2020 | authority: Journal of Orthopaedic and Sports Physical Therapy | doi: 10.2519/jospt.2020.9971,corpus=red_flags;source_id=1;doc=1.pdf;chunk_index=51;chunk_method=pypdf
red_flags_1_0052,journal of orthopaedic & sports physical therapy | volume 50 | number 7 | july 2020 | 361,title: International Framework for Red Flags for Potential Serious Spinal Pathologies | author: Finucane L | year: 2020 | authority: Journal of Orthopaedic and Sports Physical Therapy | doi: 10.2519/jospt.2020.9971,corpus=red_flags;source_id=1;doc=1.pdf;chunk_index=52;chunk_method=pypdf
red_flags_1_0053,"TABLE 9 Symptoms of Spinal Fracture Abbreviation: MSCC, metastatic spinal cord compression. Symptoms (subjective)/ Level of Evidence Context Further Questions Low Clinical Suspicion High Clinical Suspicion Thoracic pain High Most (70%) nontraumatic spinal fractures occur in the thoracic spine. 70% of metastases oc- cur in the thoracic spine, too, and should be considered in the differential diagnosis Myeloma most commonly affects the thoracic spine, too, and should also be considered in the differential diagnosis Band-like pain should be considered a concern and may indicate MSCC79 Detailed questioning of the patient is needed to assess for risk factors for each of these diseases Thoracic pain with no history of cancer , osteoporosis, or myeloma and no further risk factors Any patient with known cancer , myeloma, or osteoporosis Severe pain Low Some people may have a long history of back pain. It is important to establish whether this is a new or different pain Is this a familiar pain to you/ does this feel familiar? Have you experienced back pain in the past? If this is a person’s first episode of back pain, then conser- vative management is the first course of action Describes",title: International Framework for Red Flags for Potential Serious Spinal Pathologies | author: Finucane L | year: 2020 | authority: Journal of Orthopaedic and Sports Physical Therapy | doi: 10.2519/jospt.2020.9971,corpus=red_flags;source_id=1;doc=1.pdf;chunk_index=53;chunk_method=pypdf
red_flags_1_0054,"pain that is unfamiliar and pos- sibly worsening pain Neurological symptoms Low People with spinal fracture will not usually develop neurological deficit/ signs, but must be carefully examined to exclude neurological deficit Do you have any change in sensation in your arms or legs? Do you have any difficulties with walking or coordination? Do you have any difficulties with your balance? No distally referred symptoms or sub- jective neurological symptoms People with bilateral/ quadrilateral neurological symptoms, including gait disturbance and coordination issues/ bladder and bowel disturbance",title: International Framework for Red Flags for Potential Serious Spinal Pathologies | author: Finucane L | year: 2020 | authority: Journal of Orthopaedic and Sports Physical Therapy | doi: 10.2519/jospt.2020.9971,corpus=red_flags;source_id=1;doc=1.pdf;chunk_index=54;chunk_method=pypdf
red_flags_1_0055,"TABLE 10 Signs of Spinal Fracture Signs (objective)/ Level of Evidence Context Physical Assessment Low Clinical Suspicion High Clinical Suspicion Spine tenderness Low Patients with midline bony tenderness should be considered to be at risk of spinal fracture50 Palpate the spinous processes and consider percussion/vibration with a 128-Hz tuning fork to examine spinal tenderness or reproduction of symptoms further Bony percussion/ use of a tuning fork may in- dicate the presence of bony injury, though this should be interpreted with caution No spinal tenderness T enderness or reproduction of symptoms on palpa- tion, percussion, and/ or vibration Neurological signs Low People with a subjective complaint of neurological symptoms must have a full neurological examination Upper- and lower-limb neurology and upper and lower motor neuron testing should be performed. Neurological examination may need to include the upper and/ or lower limbs, including upper and lower motor neuron clinical tests Localized spinal pain with no dis- tal referral or limb symptoms People with spinal fracture and symptoms in the limbs, or with coordina- tion/ gait disturbance, or changes to bladder/bowel activity",title: International Framework for Red Flags for Potential Serious Spinal Pathologies | author: Finucane L | year: 2020 | authority: Journal of Orthopaedic and Sports Physical Therapy | doi: 10.2519/jospt.2020.9971,corpus=red_flags;source_id=1;doc=1.pdf;chunk_index=55;chunk_method=pypdf
red_flags_1_0056,"Spinal deformity Low Onset of deformity post trauma Sudden change in posture associated with a sudden increase in pain in the person with known osteoporosis Bony percussion may indicate bony injury, as may use of a tuning fork, though these tests should be treated with some caution Imaging may be appropriate No change in spinal posture Sudden change in spinal shape related to trauma or in a known osteoporotic patient Contusion or abrasion Low May indicate the site of trauma and should be considered if associated with a painful site ... Abrasion with no bony tendernessAbrasion following trauma associated with central spinal bony tenderness Journal of Orthopaedic & Sports Physical Therapy® Downloaded from www.jospt.org at on May 21, 2026. For personal use only. No other uses without permission. Copyright © 2020 Journal of Orthopaedic & Sports Physical Therapy®. All rights reserved.",title: International Framework for Red Flags for Potential Serious Spinal Pathologies | author: Finucane L | year: 2020 | authority: Journal of Orthopaedic and Sports Physical Therapy | doi: 10.2519/jospt.2020.9971,corpus=red_flags;source_id=1;doc=1.pdf;chunk_index=56;chunk_method=pypdf
red_flags_1_0057,"362 | july 2020 | volume 50 | number 7 | journal of orthopaedic & sports physical therapy [ position statement ] bag of concrete. The man has no previ - ous history of fracture and is generally in good health. He smokes 5 cigarettes a day and has done so for 10 years. He has limited thoracic spine movement into ro- tation to both sides. He is locally tender to palpation at T8 and T9 unilaterally on both sides. • Man under 65 years of age • No family history • No steroid use • No previous fractures • No excessive alcohol use • Minimal to no smoking • Clinical action: treat and monitor symptoms. His age and sex put him at low risk of osteoporotic fracture and his smoking habit is below 20 ciga - rettes per day, which is low risk. No further investigation is required at this stage Level of Concern HIGHLOW Case 2 A 60-year-old woman presents with mod- erately severe thoracolumbar pain after bending over and lifting a heavy pot in the garden 3 weeks ago. Her pain is slightly improved. She is otherwise well and not on any medication other than paracetamol for her pain. She has no history of fracture. She had an early menopause at age 35. She smokes 20 cigarettes per day. She has pain in",title: International Framework for Red Flags for Potential Serious Spinal Pathologies | author: Finucane L | year: 2020 | authority: Journal of Orthopaedic and Sports Physical Therapy | doi: 10.2519/jospt.2020.9971,corpus=red_flags;source_id=1;doc=1.pdf;chunk_index=57;chunk_method=pypdf
red_flags_1_0058,"extension and rotation, some local spi- nal tenderness, and zygapophyseal (facet) joint tenderness bilaterally. • Age and sex are risk factors (although she is under 65 years of age) • Early menopause • Smokes 20 cigarettes per day • Clinical action: treat and monitor symptoms. While there are some risk factors, her symptoms are recent and improving, and she is on low-dose medication for pain. She does not re - quire imaging, and it would be safe to treat her and monitor progress with - out further investigation at this stage Level of Concern HIGHLOW Case 3 A 78-year-old woman presents with up - per lumbar pain. No precipitating injury was reported, but the pain has worsened over the last 3 months. The pain is worse when lying supine. She has a his - tory of left radius fractures. She had her menopause at age 38, having started her periods at 15 years of age. She is other - wise well and has no family history of osteoporosis. • Age and sex are risk factors • Worsening pain • Early menopause and a late menarche • Worse when lying supine • History of fractures • Clinical action: urgent thoracic spine X-ray. The patient has several risk factors for osteoporosis, including age, sex,",title: International Framework for Red Flags for Potential Serious Spinal Pathologies | author: Finucane L | year: 2020 | authority: Journal of Orthopaedic and Sports Physical Therapy | doi: 10.2519/jospt.2020.9971,corpus=red_flags;source_id=1;doc=1.pdf;chunk_index=58;chunk_method=pypdf
red_flags_1_0059,"early menopause and late menarche, and history of radius frac - tures. An X-ray of her thoracolumbar region in the first instance would be appropriate Level of Concern HIGHLOW Case 4 A 74-year-old man with mid-thoracic and lumbar pain presents with increasing pain locally in the spine, but no trauma/injury. Pain is worse in lying and standing and eased slightly in sitting. He is taking in - creasing doses and strengths of analgesia, which helps a little. He has some shortness of breath on exertion and pain on deep in- spiration. He is a nonsmoker and drinks 3 pints of beer a day. He had a transurethral resection of the prostate for prostate can- cer 10 years ago and has been discharged from follow-up by the urologist. • Age and site of pain • Worsening pain • Increasing analgesia • Alcohol intake • History of prostate cancer • Breathlessness • Clinical action: urgent MRI of the whole spine. The man has several risk factors for spinal fracture. These include a history of prostate cancer, which is one of the cancers most likely to metastasize to the spine. His pain is worse in lying, which is more unusual and may indicate underlying serious pathology (tumor). His age puts him at risk",title: International Framework for Red Flags for Potential Serious Spinal Pathologies | author: Finucane L | year: 2020 | authority: Journal of Orthopaedic and Sports Physical Therapy | doi: 10.2519/jospt.2020.9971,corpus=red_flags;source_id=1;doc=1.pdf;chunk_index=59;chunk_method=pypdf
red_flags_1_0060,"of osteoporosis, even though he is male, as his bone density is likely to have decreased. His shortness of",title: International Framework for Red Flags for Potential Serious Spinal Pathologies | author: Finucane L | year: 2020 | authority: Journal of Orthopaedic and Sports Physical Therapy | doi: 10.2519/jospt.2020.9971,corpus=red_flags;source_id=1;doc=1.pdf;chunk_index=60;chunk_method=pypdf
red_flags_1_0061,"TABLE 11 Initial Investigations for Spinal Fracture Abbreviations: CT, computed tomography; MRI, magnetic resonance imaging. Modality Context X-ray X-rays are the first-line choice to determine whether there is a fracture present, with lateral views likely to yield the most information.50 X-rays are readily avail- able and relatively low cost. It may be difficult to determine the age of the fracture using X-rays alone MRI MRI is the investigation of choice for differentiating osteoporotic fractures from metastatic disease and myeloma. Use MRI if there are multiple fractures identi- fied on X-ray.50 MRI will also help to determine the age of the fracture, as it can identify bone marrow edema from recent/healing fractures61 CT scan A CT scan is commonly performed for other conditions. Assess the sagittal view for undiagnosed vertebral fractures.72 CT scans may be helpful in evaluating complex fractures or those with retropulsed fragments, as they give excellent bony definition.61 CT scans may also be used where MRI is contraindicated Journal of Orthopaedic & Sports Physical Therapy® Downloaded from www.jospt.org at on May 21, 2026. For personal use only. No other uses without",title: International Framework for Red Flags for Potential Serious Spinal Pathologies | author: Finucane L | year: 2020 | authority: Journal of Orthopaedic and Sports Physical Therapy | doi: 10.2519/jospt.2020.9971,corpus=red_flags;source_id=1;doc=1.pdf;chunk_index=61;chunk_method=pypdf
red_flags_1_0062,permission. Copyright © 2020 Journal of Orthopaedic & Sports Physical Therapy®. All rights reserved.,title: International Framework for Red Flags for Potential Serious Spinal Pathologies | author: Finucane L | year: 2020 | authority: Journal of Orthopaedic and Sports Physical Therapy | doi: 10.2519/jospt.2020.9971,corpus=red_flags;source_id=1;doc=1.pdf;chunk_index=62;chunk_method=pypdf
red_flags_1_0063,"journal of orthopaedic & sports physical therapy | volume 50 | number 7 | july 2020 | 363 breath may be a concern in the ab - sence of a chronic obstructive pulmo - nary disease or smoking history, given his prostate cancer. This man would benefit from further investigation of his spine with whole-spine MRI to exclude metastases and fracture. A chest X-ray would be appropriate to exclude lung metastases/disease, and blood tests would be relevant to ex - clude myeloma and look for signs of inflammation, infection, or increased bone turnover. If one is not able to re- quest these medical tests, then urgent referral would be appropriate Level of Concern HIGHLOW Suggested Pathway for Emergency/Ur - gent Referral Refer to the clinical de - cision tool for suggested pathways for emergency/urgent referral (FIGURE 3). Spinal Malignancy Metastases are cancer lesions that have spread from the primary cancer site to a new and different site in the body. Spinal malignancy ( TABLES 12 through 16) refers to metastases that have spread specifi - cally into the spine. Bone is a common site for metastases, known as metastatic bone disease (MBD), in a number of cancers (breast, prostate, lung,",title: International Framework for Red Flags for Potential Serious Spinal Pathologies | author: Finucane L | year: 2020 | authority: Journal of Orthopaedic and Sports Physical Therapy | doi: 10.2519/jospt.2020.9971,corpus=red_flags;source_id=1;doc=1.pdf;chunk_index=63;chunk_method=pypdf
red_flags_1_0064,"kidney, and thyroid). 78 A Cochrane review 34 was the key source paper used to formulate the international consensus question - naire for the spinal malignancy section (APPENDIX B ). Epidemiology Estimates for the point prevalence of spinal malignancy as a cause of LBP range between 0.0% and 0.7% in the primary care setting, 15,16,19,26,35,43 0.1% in the emergency care setting,68 and 1.6% in the tertiary care setting. 66 Malignancy as a cause of musculoskeletal pain is es - timated at 7.0% in the secondary care setting.40 Risk Factors The second most common serious pathology to affect the spine, af - ter fracture, is MBD as a consequence of a primary cancer.20 More effective medi- cal treatment of primary cancers means people are living longer, putting them at greater risk of later developing MBD. 7 Cancer can affect all ages, but the risk of developing malignancy increases with age.33 The consequences of untreated or late diagnosis are widespread metasta - ses and visceral involvement. Metastatic bone disease can lead to significant mor- bidity and reduction in quality of life due to MSCC and, in the worst-case scenar - io, to paralysis and compromise of the bladder, bowel, and",title: International Framework for Red Flags for Potential Serious Spinal Pathologies | author: Finucane L | year: 2020 | authority: Journal of Orthopaedic and Sports Physical Therapy | doi: 10.2519/jospt.2020.9971,corpus=red_flags;source_id=1;doc=1.pdf;chunk_index=64;chunk_method=pypdf
red_flags_1_0065,"sexual function. 78 Clinical Picture The spine is one of the earliest sites affected by MBD, especially in those cancers that have a propensity to metastasize.74 The 5 most common can - cers to metastasize are breast, prostate, lung, kidney, and thyroid.10 Approximate- ly 30% of all people with one of these pri- mary diagnoses of cancer will have their cancer metastasize, so it is important not to subject all people with a history of can- cer to unnecessary and worrying investi - gations. In breast cancer, MBD can occur at any time, with 50% occurring within the first 5 years after a primary diagnosis of cancer and the other 50% developing 10 years and later.44 Other primary cancers may metas - tasize, but have a lower incidence. 62 Cli- nicians should not be reassured by the TABLE 12 Number of Spinal Malignancy Red Flags Gaining Consensus Number of Red Flags Questionnaire sent to 28 international experts 29 items reviewed • 14 items reached consensus as appropriate • 6 items reached consensus as inappropriate • 9 items had no consensus Steering committee reviewed results 14 items included in the framework (TABLES 13 through 16) 12 items excluded (APPENDIX C)",title: International Framework for Red Flags for Potential Serious Spinal Pathologies | author: Finucane L | year: 2020 | authority: Journal of Orthopaedic and Sports Physical Therapy | doi: 10.2519/jospt.2020.9971,corpus=red_flags;source_id=1;doc=1.pdf;chunk_index=65;chunk_method=pypdf
red_flags_1_0066,"TABLE 13 Risk Factors for Spinal Malignancy Abbreviations: MSCC, metastatic spinal cord compression; PSA, prostate-specific antigen. Risk Factor/Level of Evidence Context Further Questions Low Clinical Suspicion High Clinical Suspicion Past history of cancer High Not all those cancers with a pre- dilection to bone metastases will develop them. However , some will metastasize in the first 5 y of diagnosis, with 50% doing so 10-20 y later44 Approximately 25% of people with MSCC have no known primary diagnosis57 Do you have any concerns about your symptoms? How long ago was the primary diagnosis made? How big was the primary tumor , and at which stage? Was there any lymph node involvement? Which treatment did you have? Cancers with a predilection to bone metastases but in an early stage (1 or 2), with no lymph node involvement62 Cancers that do not have a predilection to bone metas- tases (eg, ovarian cancer , melanoma62) Cancers that have a predilection to bone metastases (eg, breast, prostate, lung, kidney, and thyroid10) In breast cancer grade 3 or 4 (late stage), large tumors with lymph node involvement62 In prostate cancer , a Gleason score of 9 or 10 (despite a PSA level greater",title: International Framework for Red Flags for Potential Serious Spinal Pathologies | author: Finucane L | year: 2020 | authority: Journal of Orthopaedic and Sports Physical Therapy | doi: 10.2519/jospt.2020.9971,corpus=red_flags;source_id=1;doc=1.pdf;chunk_index=66;chunk_method=pypdf
red_flags_1_0067,"than 50 ng/ mL at diagnosis) is considered to be an aggressive cancer that is likely to spread more rapidly4 Journal of Orthopaedic & Sports Physical Therapy® Downloaded from www.jospt.org at on May 21, 2026. For personal use only. No other uses without permission. Copyright © 2020 Journal of Orthopaedic & Sports Physical Therapy®. All rights reserved.",title: International Framework for Red Flags for Potential Serious Spinal Pathologies | author: Finucane L | year: 2020 | authority: Journal of Orthopaedic and Sports Physical Therapy | doi: 10.2519/jospt.2020.9971,corpus=red_flags;source_id=1;doc=1.pdf;chunk_index=67;chunk_method=pypdf
red_flags_1_0068,"364 | july 2020 | volume 50 | number 7 | journal of orthopaedic & sports physical therapy
[ position statement ]",title: International Framework for Red Flags for Potential Serious Spinal Pathologies | author: Finucane L | year: 2020 | authority: Journal of Orthopaedic and Sports Physical Therapy | doi: 10.2519/jospt.2020.9971,corpus=red_flags;source_id=1;doc=1.pdf;chunk_index=68;chunk_method=pypdf
red_flags_1_0069,"TABLE 14 Symptoms of Spinal Malignancy Abbreviations: CES, cauda equina syndrome; MBD, metastatic bone disease; UMN, upper motor neuron. Symptoms (subjective)/ Level of Evidence Context Further Questions Low Clinical Suspicion High Clinical Suspicion Severe pain that may become progressive and constant Low MBD does not have a linear progression and is more likely to wax and wane, but in the later stages it becomes more constant and progressive. People may report escalating pain, which can increase when lying flat79 Are your symptoms getting better , the same, or worse? Do you have band-like pain? The person presents with initial severe pain but reports improvement with treatment; it is important to continue to evaluate, as the person may be in a good phase Subjective reports of progres- sively worsening symptoms, with possible features of band-like pain, and inability to lie flat Night pain Low Most people with back pain will suffer from night pain. People who report being woken on movement and subsequently are unable to get comfortable and go back to sleep are of less concern than those who describe an inability to get back to sleep due to the intensity of symptoms and who report",title: International Framework for Red Flags for Potential Serious Spinal Pathologies | author: Finucane L | year: 2020 | authority: Journal of Orthopaedic and Sports Physical Therapy | doi: 10.2519/jospt.2020.9971,corpus=red_flags;source_id=1;doc=1.pdf;chunk_index=69;chunk_method=pypdf
red_flags_1_0070,"having to get up to relieve the pain25 Does your pain wake you at night? What do you have to do to get back to sleep? Does your night pain occur in a particular position? The person reports that he or she is able to get back to sleep following a change of position or after taking medication People who report having to walk the floors or sit in a chair or lie on the floor , with minimal relief Systemically unwell Low These are often symptoms described in the late stages of the disease and may include fatigue, nausea, anorexia, and constipa- tion, which are symptoms suggestive of hypercalcemia24 Constipation is not necessarily a systemic complaint These could appear on their own or as a cluster of symptoms Do you feel well? • If not, then explore the features of hypercalcemia • Establish whether these symptoms could be associated with other causes Able to associate with another cause May describe the features of hy- percalcemia, such as fatigue, nausea, stomach pain, and fever . These also tend to be progressive in nature Thoracic pain Low The thoracic spine is the most common site of MBD It is important to note that MBD may not cor- respond to the sensory level of pain Is the area",title: International Framework for Red Flags for Potential Serious Spinal Pathologies | author: Finucane L | year: 2020 | authority: Journal of Orthopaedic and Sports Physical Therapy | doi: 10.2519/jospt.2020.9971,corpus=red_flags;source_id=1;doc=1.pdf;chunk_index=70;chunk_method=pypdf
red_flags_1_0071,"sensitive to touch? Is it mechanical in presentation? Appears mechanical, but caution needs to be applied here. Often, MBD gives the impres- sion of being mechanical in nature, appearing to initially respond to treatment May be painful on percussion over the area of pain. May not be a mechanical pain pattern Neurological symptoms Low MBD can cause neurological symptoms and in some cases cord compression, includ- ing UMN signs and CES Do you have any pins and needles or numbness? Have you noticed any weakness in your legs? Ask CES questions (see the CES sec- tion for more detail) No distally referred symptoms or subjective neurological symptoms People with bilateral/ quadrilat- eral neurological symptoms, including gait disturbance and coordination issues/bladder and bowel disturbance Unexplained weight loss High Consider other causes of weight loss, such as change in diet, increase in exercise, medication that increases levels of pain, or other morbidities such as hyperthyroid- ism or diabetes59 Consider more than 5% of weight loss over a 6-mo period as significant and requiring further questioning to establish a cause59 Is your weight steady? • If the person answers that he or she",title: International Framework for Red Flags for Potential Serious Spinal Pathologies | author: Finucane L | year: 2020 | authority: Journal of Orthopaedic and Sports Physical Therapy | doi: 10.2519/jospt.2020.9971,corpus=red_flags;source_id=1;doc=1.pdf;chunk_index=71;chunk_method=pypdf
red_flags_1_0072,"has lost weight, ask if the person knows why he or she has lost weight Have you changed your diet? How much weight loss over the last 3-6 mo have you had? Weight loss related to medication or change in diet, or weight loss has stabilized Can be attributed to other causes The individual has lost 5%-10% of body weight over a 3- to 6-mo period59 Unfamiliar back pain Low Some people may have a long history of back pain, so it is important to establish whether this is a new or different pain Is this a familiar pain to you? Have you experienced back pain in the past? Does this feel familiar to you? If this is a person’s first episode of back pain, conservative management is the first course of action Describes pain that is unfamiliar and possibly worsening Journal of Orthopaedic & Sports Physical Therapy® Downloaded from www.jospt.org at on May 21, 2026. For personal use only. No other uses without permission. Copyright © 2020 Journal of Orthopaedic & Sports Physical Therapy®. All rights reserved.",title: International Framework for Red Flags for Potential Serious Spinal Pathologies | author: Finucane L | year: 2020 | authority: Journal of Orthopaedic and Sports Physical Therapy | doi: 10.2519/jospt.2020.9971,corpus=red_flags;source_id=1;doc=1.pdf;chunk_index=72;chunk_method=pypdf
red_flags_1_0073,"journal of orthopaedic & sports physical therapy | volume 50 | number 7 | july 2020 | 365 absence of a history of cancer, as MSCC can be the first sign of metastases in ap - proximately 25% of people who do not have a primary diagnosis of cancer and are subsequently diagnosed with MSCC.57 Metastatic spinal cord compression can occur as a consequence of MBD when there is pathological vertebral-body col - lapse or where direct tumor growth causes compression of the spinal cord, leading to irreversible neurological damage.46 A high index of suspicion, early diag - nosis with referral for urgent investiga - tion, and prompt treatment can result in better outcomes in terms of function and prognosis.79 Careful questioning using good communication skills is essential in early identification. The use of credit card–size patient information handouts can aid in communication between cli - nicians and patients (eg, https://www. christie.nhs.uk/media/1125/legacyme - dia-1201-mscc-service_education_mscc- resources_red-flag-card.pdf ). Metastases can affect any region of the spine, most commonly the tho - racic spine (70%), but also the cervical spine (10%) and lumbar spine (20%). 73 Primary",title: International Framework for Red Flags for Potential Serious Spinal Pathologies | author: Finucane L | year: 2020 | authority: Journal of Orthopaedic and Sports Physical Therapy | doi: 10.2519/jospt.2020.9971,corpus=red_flags;source_id=1;doc=1.pdf;chunk_index=73;chunk_method=pypdf
red_flags_1_0074,"tumors that are at high risk of metastasizing are those that were large at diagnosis, diagnosed at a late stage of the disease (stage 3 or 4), or had lymph node involvement with radical treat - ment, including surgery, chemotherapy, and/or radiotherapy.62 Clinical-Reasoning Scenarios Case 1 A 58-year-old woman with a 42-year history of chronic LBP and history of breast cancer 5 years ago presents with an exacerbation of LBP. No other red flags or signs and symptoms suggestive of a mechanical problem are present on examination. • History of breast cancer 5 years ago • Clinical action: treat and monitor symptoms Level of Concern HIGHLOW Case 2 The woman reports that her pain is not responding to usual medica - tion and that she has been prescribed stronger medication, which is helping. She describes her symptoms as differ - ent from her usual back pain, which",title: International Framework for Red Flags for Potential Serious Spinal Pathologies | author: Finucane L | year: 2020 | authority: Journal of Orthopaedic and Sports Physical Therapy | doi: 10.2519/jospt.2020.9971,corpus=red_flags;source_id=1;doc=1.pdf;chunk_index=74;chunk_method=pypdf
red_flags_1_0075,"TABLE 15 Signs of Spinal Malignancy Signs (objective)/ Level of Evidence Context Physical Assessment Low Clinical Suspicion High Clinical Suspicion Altered sensation from trunk down Low People might report altered sensation that is nondermatomal and describe strange feelings in the legs (often a vague and non- specific, difficult-to-describe sensation). People may report decreased mobility79 Neurological examination testing Sensation throughout the area described by the patient Normal neurology and no objective change in sensation Objective signs and reduced sensation Neurological signs Low People who present with a subjective com- plaint of neurological symptoms must have a full neurological examination Neurological examination that may need to include the upper and/ or lower limbs, including upper and lower motor neuron clinical tests Localized spinal pain with no distal referral or limb symptoms People with symptoms in the limbs and/ or with coordination/ gait disturbance, or changes to blad- der/bowel activity Spine tenderness Low Sometimes, the spine can be tender on per- cussion. However , lack of tenderness does not rule out the possibility of metastases It is important to",title: International Framework for Red Flags for Potential Serious Spinal Pathologies | author: Finucane L | year: 2020 | authority: Journal of Orthopaedic and Sports Physical Therapy | doi: 10.2519/jospt.2020.9971,corpus=red_flags;source_id=1;doc=1.pdf;chunk_index=75;chunk_method=pypdf
red_flags_1_0076,"percuss the whole spine, as the area of pain reported may not be the area of metastasis The clinician should palpate the spinous processes and may use percussion/vibration with a 128-Hz tuning fork to further examine spinal tenderness or reproduction of symptoms No tenderness on palpation or percussion/vibration T enderness or reproduction of symptoms on palpation or percussion/vibration",title: International Framework for Red Flags for Potential Serious Spinal Pathologies | author: Finucane L | year: 2020 | authority: Journal of Orthopaedic and Sports Physical Therapy | doi: 10.2519/jospt.2020.9971,corpus=red_flags;source_id=1;doc=1.pdf;chunk_index=76;chunk_method=pypdf
red_flags_1_0077,"TABLE 16 Initial Investigations for Spinal Malignancy
Abbreviations: CT, computed tomography; MBD, metastatic bone disease; MRI, magnetic resonance imaging.
Modality Context
MRI MRI is the gold standard for diagnosing MBD78
Because the sensory level does not always correspond to the level of metastases if MBD is suspected, MRI of the whole spine is required46
CT scan If there are contraindications to MRI
Blood tests There is no combination of inflammatory markers that can be used as a reliable rule-in or rule-out test strategy. The decision to test must be made in the 
context of other clinical findings84
 Journal of Orthopaedic & Sports Physical Therapy® 
 Downloaded from www.jospt.org at on May 21, 2026. For personal use only. No other uses without permission. 
 Copyright © 2020 Journal of Orthopaedic & Sports Physical Therapy®. All rights reserved.",title: International Framework for Red Flags for Potential Serious Spinal Pathologies | author: Finucane L | year: 2020 | authority: Journal of Orthopaedic and Sports Physical Therapy | doi: 10.2519/jospt.2020.9971,corpus=red_flags;source_id=1;doc=1.pdf;chunk_index=77;chunk_method=pypdf
red_flags_1_0078,"366 | july 2020 | volume 50 | number 7 | journal of orthopaedic & sports physical therapy [ position statement ] has had some relief from conservative treatment. • History of breast cancer 5 years ago • Using stronger painkillers • Some relief with conservative management • Describes unfamiliar pain • Clinical action: treat, monitor symp - toms, and discuss and document a clear strategy to follow if symptoms deteriorate (safety net) Level of Concern HIGHLOW Case 3 The woman’s pain has become progres - sively worse and she now complains of symptoms waking her at night. She is having difficulty getting back to sleep be- cause the pain is so intense. • History of breast cancer 5 years ago • Using stronger painkillers • Describes unfamiliar pain • Night pain with worsening symptoms • Clinical action: refer for urgent MRI, discuss and document a clear strat - egy to follow if symptoms deteriorate (safety net). Some concerning features suggest malignancy. An MRI scan of the whole spine should be carried out urgently Level of Concern HIGHLOW Case 4 A 75-year-old man presents with a past history of prostate cancer 2 years ago, and he describes band-like pain and states that his legs feel",title: International Framework for Red Flags for Potential Serious Spinal Pathologies | author: Finucane L | year: 2020 | authority: Journal of Orthopaedic and Sports Physical Therapy | doi: 10.2519/jospt.2020.9971,corpus=red_flags;source_id=1;doc=1.pdf;chunk_index=78;chunk_method=pypdf
red_flags_1_0079,odd and heavy. He reports occasionally tripping and stum - bling. He says he has lost weight but has put it down to a loss of appetite due to the pain. • History of prostate cancer • Balance issues • Odd sensations in legs • Band-like pain • Weight loss • Clinical action: emergency MRI scan. Some concerning features may sug - gest MSCC. Provide information that describes the symptoms of MSCC and what to do if symptoms develop79 (see also https://www.christie.nhs.uk/ media/1125/legacymedia-1201-mscc- service_education_mscc-resources_ red-flag-card.pdf).,title: International Framework for Red Flags for Potential Serious Spinal Pathologies | author: Finucane L | year: 2020 | authority: Journal of Orthopaedic and Sports Physical Therapy | doi: 10.2519/jospt.2020.9971,corpus=red_flags;source_id=1;doc=1.pdf;chunk_index=79;chunk_method=pypdf
red_flags_1_0080,"Level of Concern HIGHLOW Suggested Pathway for Emergency/Ur - gent Referral Refer to the clinical de - cision tool for suggested pathways for emergency/urgent referral (FIGURE 3). Spinal Infection Spinal infection is an infectious disease that affects the spinal structures, includ - ing the vertebrae, intervertebral discs, and adjacent paraspinal tissues. 60 In high-income and upper middle–income countries, spinal infection has steadily increased over recent years, possibly due to an aging population and an increase in intravenous drug abuse. 52 In lower mid - dle–income and lower-income countries, spinal infection has increased due to the dual epidemic of HIV/AIDS and tuber - culosis (TB). For further country-specific informa - tion on TB, see https://www.wwl.nhs. uk/library/general_docs/specialties/a_ to_z/t/tb-service-who-estimates-of- tuberculosis-incidence-by-country.pdf, 67 and for further information on the global burden of the dual epidemic of HIV/AIDS and TB, see the World Health Organiza - tion.87 Staphylococcus aureus and Bru- cella are the other main bacteria that are identified in reports on spinal infection.88 Two key source papers were used to formulate the",title: International Framework for Red Flags for Potential Serious Spinal Pathologies | author: Finucane L | year: 2020 | authority: Journal of Orthopaedic and Sports Physical Therapy | doi: 10.2519/jospt.2020.9971,corpus=red_flags;source_id=1;doc=1.pdf;chunk_index=80;chunk_method=pypdf
red_flags_1_0081,"international consensus questionnaire for this section on spinal infection 67,88 (APPENDIX B ). The question - naire was sent to 21 international ex - perts and contained 56 items ( TABLES 17 through 21). Epidemiology Spinal infections, such as TB, discitis, and spinal abscesses, are uncommon. The incidence is 0.2 to 2.4 cases per 100 000 annually in Western societies.9,30 Spinal infection represents 2% to 7% of all musculoskeletal infec - tions.45 The point prevalence of spinal infection in developed countries is esti - mated at 0.0004% (across all settings).21 The point prevalence of infection pre - senting as nonmechanical LBP is esti - mated at 0.01% in primary care 41 and 1.2% in a tertiary setting, 66 where post - procedural discitis represents up to 30% of all cases.21 Discitis mostly affects the lumbar spine (58%), followed by the thoracic spine (30%) and cervical spine (11%),30 where- as TB lesions mainly affect the thoracic spine, and often at more than 2 levels.8 The frequency of spinal infections presenting in a clinical setting depends on the demographics of where you work. Due to the rarity of spinal infection in high-income countries, the diagnosis of spinal",title: International Framework for Red Flags for Potential Serious Spinal Pathologies | author: Finucane L | year: 2020 | authority: Journal of Orthopaedic and Sports Physical Therapy | doi: 10.2519/jospt.2020.9971,corpus=red_flags;source_id=1;doc=1.pdf;chunk_index=81;chunk_method=pypdf
red_flags_1_0082,"infection is often delayed, because clinicians fail to recognize the relevant red flags and consider spinal infection as a potential differential diagnosis.6 TABLE 17 Number of Spinal Infection Red Flags Gaining Consensus Number of Red Flags Questionnaire sent to 21 international experts 56 items reviewed • 30 items reached consensus as appropriate • 0 items reached consensus as inappropriate • 26 items had no consensus Steering committee reviewed results 17 items included in the framework (TABLES 18 through 21) 24 items excluded (APPENDIX C) (16 items were combined) Journal of Orthopaedic & Sports Physical Therapy® Downloaded from www.jospt.org at on May 21, 2026. For personal use only. No other uses without permission. Copyright © 2020 Journal of Orthopaedic & Sports Physical Therapy®. All rights reserved.",title: International Framework for Red Flags for Potential Serious Spinal Pathologies | author: Finucane L | year: 2020 | authority: Journal of Orthopaedic and Sports Physical Therapy | doi: 10.2519/jospt.2020.9971,corpus=red_flags;source_id=1;doc=1.pdf;chunk_index=82;chunk_method=pypdf
red_flags_1_0083,journal of orthopaedic & sports physical therapy | volume 50 | number 7 | july 2020 | 367,title: International Framework for Red Flags for Potential Serious Spinal Pathologies | author: Finucane L | year: 2020 | authority: Journal of Orthopaedic and Sports Physical Therapy | doi: 10.2519/jospt.2020.9971,corpus=red_flags;source_id=1;doc=1.pdf;chunk_index=83;chunk_method=pypdf
red_flags_1_0084,"TABLE 18 Risk Factors for Spinal Infection Abbreviations: IVDA, intravenous drug abuse; SI, spinal infection; TB, tuberculosis. Risk Factor/Level of Evidence Context Further Questions Low Clinical Suspicion High Clinical Suspicion Immunosuppression Low Comorbidities that cause immunosup- pression can increase the risk of SI (eg, diabetes, HIV / AIDS, rheumatoid arthritis, pre-existing infections, alcohol abuse, and long-term use of steroids) Do you have any health issues I need to be aware of? Is your diabetes well controlled? How long have you been taking steroid medication? Have you had a recent infection? Do you drink alcohol? • How many units a week do you drink? Well-controlled comorbidities with no history of infections attributed to their condition Uncontrolled morbidities with previ- ous evidence of infections Surgery: invasive Low Long duration of surgery, in particular , the type of surgery (more commonly, lumbar and posterior approaches), and multiple revisions are significant risk factors for SI45 Any previous spinal or abdominal surgery? No previous surgical intervention The person has undergone surgery, particularly of the spine, with repeated revisions Intravenous",title: International Framework for Red Flags for Potential Serious Spinal Pathologies | author: Finucane L | year: 2020 | authority: Journal of Orthopaedic and Sports Physical Therapy | doi: 10.2519/jospt.2020.9971,corpus=red_flags;source_id=1;doc=1.pdf;chunk_index=84;chunk_method=pypdf
red_flags_1_0085,"drug use Low An increase in IVDA is thought to be as- sociated with increased risk of SI89 People with a history of intravenous drug use may present late and may not see the relevance of drug use to their condition. Know the incidence of drug abuse in the community within which you work Questions must be in the context of the suspicion of SI I want to make sure you do not have an infection, so I am going to ask you some questions that will help me. Do you take, or have you ever taken, recreational drugs? • If yes, how were these drugs administered (orally or intrave- nously)? No evidence of IVDA Known intravenous drug user Social and environmen- tal factors (eg, mi- grant, occupational exposure, homeless- ness, prisoner , contact with infected animals) Low There is a strong association with social deprivation and TB. Consider a patient’s social history and whether his or her situation might include the following: alcohol abuse, migrant, homelessness, and imprisonment.47 Consider working and living condi- tions (eg, contact with TB-infected cattle)88 What are the conditions like where you live, in the workplace, or places you frequently visit? Do you drink alcohol? • How many units",title: International Framework for Red Flags for Potential Serious Spinal Pathologies | author: Finucane L | year: 2020 | authority: Journal of Orthopaedic and Sports Physical Therapy | doi: 10.2519/jospt.2020.9971,corpus=red_flags;source_id=1;doc=1.pdf;chunk_index=85;chunk_method=pypdf
red_flags_1_0086,"a week do you drink? Appears well kempt (well dressed with a clean and tidy appear- ance) and does not report social conditions that raise concern Is unkempt (an untidy appearance and unwashed hair and clothes), raising concerns for poor living and social conditions History of TB (born in TB-endemic country) Low The majority of TB cases are a result of reactivation of latent infection acquired some years before47 However , transmission of TB needs to be considered where individuals are born in TB-endemic countries or where an individual has been exposed to TB sufferers47 Have you ever been diagnosed with TB? • Where was the TB? Have you been abroad recently? • If yes, consider whether this country has a high burden of TB • If it is a country with high burden, has the person had an inoculation for TB? Have you been in contact with some- one who has a history of TB? No evidence of TB or contact with TB No inoculation and has been exposed to TB via an endemic country or persons known to have TB Recent pre-existing infection Low New local back pain following a recent episode of sepsis or infection52 Have you recently had an infection? Consider other causes, such as urinary tract",title: International Framework for Red Flags for Potential Serious Spinal Pathologies | author: Finucane L | year: 2020 | authority: Journal of Orthopaedic and Sports Physical Therapy | doi: 10.2519/jospt.2020.9971,corpus=red_flags;source_id=1;doc=1.pdf;chunk_index=86;chunk_method=pypdf
red_flags_1_0087,"infections, and ask questions related to the condition The person’s infection has respond- ed to treatment (eg, antibiotics) and back pain symptoms have improved Progressively worsening symptoms Journal of Orthopaedic & Sports Physical Therapy® Downloaded from www.jospt.org at on May 21, 2026. For personal use only. No other uses without permission. Copyright © 2020 Journal of Orthopaedic & Sports Physical Therapy®. All rights reserved.",title: International Framework for Red Flags for Potential Serious Spinal Pathologies | author: Finucane L | year: 2020 | authority: Journal of Orthopaedic and Sports Physical Therapy | doi: 10.2519/jospt.2020.9971,corpus=red_flags;source_id=1;doc=1.pdf;chunk_index=87;chunk_method=pypdf
red_flags_1_0088,"368 | july 2020 | volume 50 | number 7 | journal of orthopaedic & sports physical therapy [ position statement ] Clinical Picture In cases of spinal infec - tion, the time between onset and diagnosis is often prolonged. People can remain rel- atively healthy until symptoms manifest in the later stages of the disease.83 Unlike ma- lignancy, where symptoms wax and wane, spinal infection has a more linear pro - gression, with back pain being the most common presenting symptom, which can progress to neurological symptoms. If not treated in a timely manner, the condition can progress with serious complications such as paralysis or instability of the spine, and can ultimately be fatal. Diagnosis The subjective history should consider determinants that can be di - vided into comorbidities, environmental factors, and social factors. Comorbidities that suppress a patient’s immune sys - tem, such as diabetes, HIV, long-term steroid use, and smoking, put the person at risk of infection. Consider social and environmental factors like intravenous drug use, obesity, birth in a TB-endemic country, family history of TB, and living conditions (overcrowded living, home - lessness, imprisonment, or",title: International Framework for Red Flags for Potential Serious Spinal Pathologies | author: Finucane L | year: 2020 | authority: Journal of Orthopaedic and Sports Physical Therapy | doi: 10.2519/jospt.2020.9971,corpus=red_flags;source_id=1;doc=1.pdf;chunk_index=88;chunk_method=pypdf
red_flags_1_0089,"rural envi - ronment). Spinal surgery is a key risk factor for spinal infection, in particular multiple revision surgery of the lumbar spine, with an added increased risk for obese people. 88 The classic triad of clinical features comprises back pain, fever, and neurologi- cal dysfunction.14 However, many people do not present with all 3 features. Only 50% of people report fever as a symp - tom.45 Absence of fever cannot rule out spinal infection. Clinical-Reasoning Scenarios Case 1 A 47-year-old ex-heroin addict presents with recurrent episodes of LBP and a pre- vious history of back pain. He describes symptoms that are intermittent. He is very inactive and usually self-treats the problem with rest. • Male • Ex-drug addict • No other concerning features • Clinical action: treat and monitor symptoms, discuss and document a clear strategy to follow if symptoms",title: International Framework for Red Flags for Potential Serious Spinal Pathologies | author: Finucane L | year: 2020 | authority: Journal of Orthopaedic and Sports Physical Therapy | doi: 10.2519/jospt.2020.9971,corpus=red_flags;source_id=1;doc=1.pdf;chunk_index=89;chunk_method=pypdf
red_flags_1_0090,"TABLE 19 Symptoms of Spinal Infection Abbreviation: SI, spinal infection. Symptoms (subjective)/ Level of Evidence Context Further Questions Low Clinical Suspicion High Clinical Suspicion Spinal pain Low Back pain is the most common presenting symptom. Neurological symptoms may be present. Usually, symptoms are nonspecific, with an insidious onset. Range of motion of the spine is often limited due to localized spinal pain and muscle spasm52 How did your back pain start? Are your symptoms getting better , worse, or remaining the same? Can you point to where your symp- toms are? No evidence of progressive symp- toms and the person is not able to pinpoint symptoms Localized progressive pain that limits movement significantly Neurological symptoms Low Neurological symptoms make up part of the classic triad for SI Do you have any pins or needles or numbness? Have you noticed any weakness in your legs? No distally referred symptoms or subjective neurological symptoms If the person does not describe any neurological symptoms, continue to evaluate for possible change People with bilateral/ quadrilateral neurological symptoms, including gait disturbance and coor- dination issues/bladder and",title: International Framework for Red Flags for Potential Serious Spinal Pathologies | author: Finucane L | year: 2020 | authority: Journal of Orthopaedic and Sports Physical Therapy | doi: 10.2519/jospt.2020.9971,corpus=red_flags;source_id=1;doc=1.pdf;chunk_index=90;chunk_method=pypdf
red_flags_1_0091,"bowel disturbance Fatigue Low People might describe “underperforming” activities that they would normally be able to carry out38 Do you feel fit and well? Have you noticed any changes in your ability to carry out activities that normally you manage easily? No evidence of fatigue Describes a level of fatigue that is abnormal for them when carrying out their usual tasks Fever (consider sepsis/ septic shock) Low Fever makes up one of the classic triad symp- toms. Recognize signs of sepsis, as it can develop rapidly71 Fever can be absent in approximately 50% of people with SI88 Have you experienced a fever or chills since the onset of your back pain? The absence of fever should not be reassuring; it should be monitored Person reports fever within the time frame since on- set of back pain. Concern that person might be developing sepsis Unexplained weight loss Low Consider other causes of weight loss, such as change in diet, increase in exercise or medication, increasing levels of pain, or other morbidities such as hyperthyroidism or diabetes59 Consider more than a 5% weight loss over a 6-month period as significant; this requires further questioning to establish a cause59 Is your weight",title: International Framework for Red Flags for Potential Serious Spinal Pathologies | author: Finucane L | year: 2020 | authority: Journal of Orthopaedic and Sports Physical Therapy | doi: 10.2519/jospt.2020.9971,corpus=red_flags;source_id=1;doc=1.pdf;chunk_index=91;chunk_method=pypdf
red_flags_1_0092,"steady? • If the person answers that he or she has lost weight: - Do you know why you might have lost weight? - Have you changed your diet? - How much weight loss over the last 3-6 months have you had? Weight loss related to medication or change in diet Weight loss has stabilized Can be attributed to other causes Person has lost more than 5% of body weight over a 3- to 6-month period59 Journal of Orthopaedic & Sports Physical Therapy® Downloaded from www.jospt.org at on May 21, 2026. For personal use only. No other uses without permission. Copyright © 2020 Journal of Orthopaedic & Sports Physical Therapy®. All rights reserved.",title: International Framework for Red Flags for Potential Serious Spinal Pathologies | author: Finucane L | year: 2020 | authority: Journal of Orthopaedic and Sports Physical Therapy | doi: 10.2519/jospt.2020.9971,corpus=red_flags;source_id=1;doc=1.pdf;chunk_index=92;chunk_method=pypdf
red_flags_1_0093,"journal of orthopaedic & sports physical therapy | volume 50 | number 7 | july 2020 | 369 deteriorate (safety net). Utilize a pe - riod of watchful waiting, with advice about being more physically active Level of Concern HIGHLOW Case 2 A 43-year-old man reports a 3-month history of LBP that is intermittent and mechanical in nature. He was born in So- malia and smokes 20 cigarettes per day. He is neurologically intact and exhibits normal function. • Born in TB-endemic country • Smoker • Clinical action: treat and monitor symptoms, discuss and document a clear strategy to follow if symptoms deteriorate (safety net). Consider MRI if there is an increased suspicion of pathology Level of Concern HIGHLOW Case 3 The man now feels unwell and has had a fever and chills in the last few days. He reports pain at night and is unable to settle. His pain has now become constant and more intense. Neurological assess - ment is normal. • Born in TB-endemic country • Smoker • Feels unwell • Night pain, worsening symptoms • Clinical action: urgent MRI and re - quest blood tests, discuss and docu - ment a clear strategy to follow if symptoms deteriorate (safety net) Level of Concern HIGHLOW Case 4 The",title: International Framework for Red Flags for Potential Serious Spinal Pathologies | author: Finucane L | year: 2020 | authority: Journal of Orthopaedic and Sports Physical Therapy | doi: 10.2519/jospt.2020.9971,corpus=red_flags;source_id=1;doc=1.pdf;chunk_index=93;chunk_method=pypdf
red_flags_1_0094,"TABLE 20 Signs of Spinal Infection Abbreviation: SI, spinal infection. Signs (objective)/ Level of Evidence Context Physical Assessment Low Clinical Suspicion High Clinical Suspicion Neurological signs Low People with a subjective complaint of neurological symptoms must have a full neurological examination Neurological examination may need to include the upper and/ or lower limbs, including up- per and lower motor neuron clinical tests Localized spinal pain with no distal referral or limb symptoms People with symptoms in the limbs, or with coordination/ gait disturbance, or with changes to bladder/bowel activity Radiculopathy Low SI can cause radiculopathy, which com- monly presents with leg pain that usually radiates to the part of the body that is supplied by that specific nerve The person may present with weakness or pins and needles/ numbness A full neurological examination, including dermatomes, myotomes, and reflexes Normal neurological examination Abnormal and progressing neuro- logical deficit Management depends on the degree of neurological deficit (gross motor weakness of <3/5 or deteriorating neurology) Spine tenderness on palpation Low The spine can be tender and",title: International Framework for Red Flags for Potential Serious Spinal Pathologies | author: Finucane L | year: 2020 | authority: Journal of Orthopaedic and Sports Physical Therapy | doi: 10.2519/jospt.2020.9971,corpus=red_flags;source_id=1;doc=1.pdf;chunk_index=94;chunk_method=pypdf
red_flags_1_0095,"reproduce symptoms on percussion Lack of tenderness or reproduction of symptoms does not rule out SI Percuss the whole spine, as the area of pain reported may not be the area of infection Palpate the spinous processes and consider using percussion/vibration with a 128-Hz tuning fork to further examine spinal tender- ness or reproduction of symptoms Bony percussion/ use of a tuning fork may indicate the presence of bony injury, but interpret with caution No significant tenderness on palpation T enderness or reproduction of symp- toms on palpation, percussion, and/ or vibration",title: International Framework for Red Flags for Potential Serious Spinal Pathologies | author: Finucane L | year: 2020 | authority: Journal of Orthopaedic and Sports Physical Therapy | doi: 10.2519/jospt.2020.9971,corpus=red_flags;source_id=1;doc=1.pdf;chunk_index=95;chunk_method=pypdf
red_flags_1_0096,"TABLE 21 Initial Investigations for Spinal Infection
Abbreviation: MRI, magnetic resonance imaging.
Modality Context
MRI MRI is the imaging of choice. Findings on MRI can be observed 3-5 d after the onset of infection, with high sensitivity (96%), specificity (92%), and accuracy 
(94%)2,9,49,76
Blood tests There is no single diagnostic blood test. Inflammatory markers are routinely used to assess for infection. The white blood cell count is less useful than erythro-
cyte sedimentation rate and C-reactive protein, as a normal white blood cell count does not exclude spinal infection45
X-ray Chest X-ray if there is suspicion of tuberculosis
 Journal of Orthopaedic & Sports Physical Therapy® 
 Downloaded from www.jospt.org at on May 21, 2026. For personal use only. No other uses without permission. 
 Copyright © 2020 Journal of Orthopaedic & Sports Physical Therapy®. All rights reserved.",title: International Framework for Red Flags for Potential Serious Spinal Pathologies | author: Finucane L | year: 2020 | authority: Journal of Orthopaedic and Sports Physical Therapy | doi: 10.2519/jospt.2020.9971,corpus=red_flags;source_id=1;doc=1.pdf;chunk_index=96;chunk_method=pypdf
red_flags_1_0097,"370 | july 2020 | volume 50 | number 7 | journal of orthopaedic & sports physical therapy [ position statement ] perspectives about patient-provider communication in regard to red flag findings and opportunities for dissemi- nation approaches to positively impact clinical practice were also provided. The steering committee reviewed all com- ments, and the red flag framework was modified accordingly. ACKNOWLEDGMENTS: This clinical framework for identifying red flags for serious spinal pathologies is endorsed by the IFOMPT, a subgroup of the World Confederation for Physical Therapy. Thanks to all the re - searchers, clinicians, member organization delegates of the IFOMPT, Sussex MSK Part- nership patient partners, and experts by experience for generously giving their time to review the document, respond to our surveys, and participate in the consensus-building process. Thanks to Sussex MSK Partnership Patient Partners, Fleur Goff-Beardsley, Abby King and Iris Keppler for their time and contribution. left leg pain to the dorsum of the foot. He scored 3/5 (Oxford strength scale) for left dorsiflexion. He has been up all night with leg pain. • Born in TB-endemic country • Smoker •",title: International Framework for Red Flags for Potential Serious Spinal Pathologies | author: Finucane L | year: 2020 | authority: Journal of Orthopaedic and Sports Physical Therapy | doi: 10.2519/jospt.2020.9971,corpus=red_flags;source_id=1;doc=1.pdf;chunk_index=97;chunk_method=pypdf
red_flags_1_0098,"Systemically unwell • Night pain, worsening symptoms • Neurological signs and symptoms • Clinical action: emergency medical assessment is required. As per local pathway, consider/discuss whether hospital admission is required",title: International Framework for Red Flags for Potential Serious Spinal Pathologies | author: Finucane L | year: 2020 | authority: Journal of Orthopaedic and Sports Physical Therapy | doi: 10.2519/jospt.2020.9971,corpus=red_flags;source_id=1;doc=1.pdf;chunk_index=98;chunk_method=pypdf
red_flags_1_0099,"Level of Concern HIGHLOW Suggested Pathway for Emergency/Ur - gent Referral Refer to the clinical de - cision tool for suggested pathways for emergency/urgent referral (FIGURE 3). U STUDY DETAILS AUTHOR CONTRIBUTIONS: All authors pro- vided substantial intellectual content contributions to the conception and de- velopment of the framework document during early draft and revision stages. All authors provided final approval of the manuscript to be published and have agreed to be accountable for all aspects of the work to ensure that ques- tions related to the accuracy or integrity of any part of the work are appropriately investigated and resolved. DATA SHARING: Data are from anonymous questionnaire responses and available on request from Dr Rachel Leech at R.Leech@mmu.ac.u. These data, with an appropriate citation, may be inte- grated with other datasets obtained from repositories, or other sources. PATIENT AND PUBLIC INVOLVEMENT: Patient partners (n = 4) with previous schol- arly review experience were identified through the Sussex MSK Partnership. Patient partners were engaged to par- ticipate in a web-based survey during phase 4 to provide opinions about the applicability,",title: International Framework for Red Flags for Potential Serious Spinal Pathologies | author: Finucane L | year: 2020 | authority: Journal of Orthopaedic and Sports Physical Therapy | doi: 10.2519/jospt.2020.9971,corpus=red_flags;source_id=1;doc=1.pdf;chunk_index=99;chunk_method=pypdf
red_flags_1_0100,"acceptability, and read- ability of the framework. Individual REFERENCES 1. American College of Rheumatology Ad Hoc Committee on Glucocorticoid‐Induced Osteoporosis. Recommendations for the prevention and treatment of glucocorticoid- induced osteoporosis: 2001 update. Arthritis Rheum. 2001;44:1496-1503. https:// doi. org/10.1002/1529-0131(200107)44:7<1496::AID- ART271>3.0.CO;2-5 2. An HS, Seldomridge JA. Spinal infections: diagnostic tests and imaging studies. Clin Orthop Relat Res. 2006;444:27-33. https:// doi. org/10.1097 /01.blo.0000203452.36522.97 3. André-Vert J, Dhénain M. Development of Good Practice Guidelines: “Formal Consensus” Method. Seine-Saint-Denis, France: Haute Autorité de Santé; 2015. 4. Association of Directors of Anatomic and Surgical Pathology. Understanding your pathology report: prostate cancer . Available at: https://www.cancer . org/treatment/ understanding-your-diagnosis/ tests/ understanding-your-pathology-report/ prostate-pathology/ prostate-cancer-pathology. html. Accessed April 16, 2020. 5. Berg KM, Kunins HV , Jackson JL, et al. Association between alcohol consumption and both osteoporotic fracture and bone density. Am J Med. 2008;121:406-418.",title: International Framework for Red Flags for Potential Serious Spinal Pathologies | author: Finucane L | year: 2020 | authority: Journal of Orthopaedic and Sports Physical Therapy | doi: 10.2519/jospt.2020.9971,corpus=red_flags;source_id=1;doc=1.pdf;chunk_index=100;chunk_method=pypdf
red_flags_1_0101,"https:// doi. org/10.1016/j.amjmed.2007 .12.012 6. Bhise V , Meyer AND, Singh H, et al. Errors in diagnosis of spinal epidural abscesses in the era of electronic health records. Am J Med. 2017;130:975-981. https:// doi.org/10.1016/j. amjmed.2017 .03.009 7. Biermann JS, Holt GE, Lewis VO, Schwartz HS, Y aszemski MJ. Metastatic bone disease: diagno- sis, evaluation, and treatment. J Bone Joint Surg Am. 2009;91:1518-1530. 8. Chen CH, Chen YM, Lee CW, Chang Y J, Cheng CY , Hung JK. Early diagnosis of spinal tuberculosis. J Formos Med Assoc. 2016;115:825-836. https:// doi.org/10.1016/j.jfma.2016.07 .001 9. Cheung WY , Luk KD. Pyogenic spondylitis. Int Orthop. 2012;36:397-404. https:// doi. org/10.1007 / s00264-011-1384-6 10. Coleman RE, Holen I. Bone metastases. In: Niederhuber JE, Armitage JO, Doroshow JH, Kastan MB, T epper JE, eds. Abeloff’s Clinical Oncology. 5th ed. Philadelphia, PA: Elsevier/ Saunders; 2014:739-763. 11. Comer C, Finucane L, Mercer C, Greenhalgh S. SHADES of grey – the challenge of ‘grumbling’ cauda equina symptoms in older adults with lumbar spinal stenosis. Musculoskelet Sci Pract. 2020;45:102049. https:// doi.org/10.1016/j. msksp.2019.102049 12. Compston J,",title: International Framework for Red Flags for Potential Serious Spinal Pathologies | author: Finucane L | year: 2020 | authority: Journal of Orthopaedic and Sports Physical Therapy | doi: 10.2519/jospt.2020.9971,corpus=red_flags;source_id=1;doc=1.pdf;chunk_index=101;chunk_method=pypdf
red_flags_1_0102,"Cooper A, Cooper C, et al. UK clini- cal guideline for the prevention and treatment of osteoporosis. Arch Osteoporos. 2017;12:43. https:// doi.org/10.1007 / s11657-017-0324-5 13. Cook C, Ross MD, Isaacs R, Hegedus E. Investigation of nonmechanical findings during spinal movement screening for iden- tifying and/ or ruling out metastatic cancer . Pain Pract. 2012;12:426-433. https:// doi. org/10.1111/j.1533-2500.2011.00519.x 14. Davis DP , Wold RM, Patel RJ, et al. The clinical presentation and impact of diagnostic delays on emergency department patients with spinal epi- dural abscess. J Emerg Med. 2004;26:285-291. https:// doi.org/10.1016/j.jemermed.2003.11.013 15. Deyo RA, Diehl AK. Cancer as a cause of back pain: frequency, clinical presentation, and diag- nostic strategies. J Gen Intern Med. 1988;3:230- 238. https:// doi.org/10.1007 /bf02596337 16. Deyo RA, Diehl AK. Lumbar spine films in pri- mary care: current use and effects of selective ordering criteria. J Gen Intern Med. 1986;1:20-25. https:// doi.org/10.1007 /bf02596320 17. Deyo RA, Rainville J, Kent DL. What can the his- tory and physical examination tell us about low back pain? JAMA. 1992;268:760-765. https:// doi.",title: International Framework for Red Flags for Potential Serious Spinal Pathologies | author: Finucane L | year: 2020 | authority: Journal of Orthopaedic and Sports Physical Therapy | doi: 10.2519/jospt.2020.9971,corpus=red_flags;source_id=1;doc=1.pdf;chunk_index=102;chunk_method=pypdf
red_flags_1_0103,"org/10.1001/jama.1992.03490060092030 18. Dionne N, Adefolarin A, Kunzelman D, et al. What is the diagnostic accuracy of red flags related to Cauda Equina Syndrome (CES), when compared to Magnetic Resonance Imaging (MRI)? A systematic review. Musculoskelet Sci Pract. 2019;42:125-133. https:// doi.org/10.1016/j. msksp.2019.05.004 19. Donner-Banzhoff N, Roth T , Sönnichse AC, et al. Evaluating the accuracy of a simple heuristic to identify serious causes of low back pain. Fam Pract. 2006;23:682-686. https:// doi. org/10.1093/fampra/ cml049 Journal of Orthopaedic & Sports Physical Therapy® Downloaded from www.jospt.org at on May 21, 2026. For personal use only. No other uses without permission. Copyright © 2020 Journal of Orthopaedic & Sports Physical Therapy®. All rights reserved.",title: International Framework for Red Flags for Potential Serious Spinal Pathologies | author: Finucane L | year: 2020 | authority: Journal of Orthopaedic and Sports Physical Therapy | doi: 10.2519/jospt.2020.9971,corpus=red_flags;source_id=1;doc=1.pdf;chunk_index=103;chunk_method=pypdf
red_flags_1_0104,"journal of orthopaedic & sports physical therapy | volume 50 | number 7 | july 2020 | 371 malignancy in patients with low-back pain. Cochrane Database Syst Rev. 2013:CD008686. https:// doi.org/10.1002/14651858.CD008686. pub2 35. Henschke N, Maher CG, Refshauge KM, et al. Prevalence of and screening for serious spinal pathology in patients presenting to primary care settings with acute low back pain. Arthritis Rheum. 2009;60:3072-3080. https:// doi. org/10.1002/ art.24853 36. Hippisley-Cox J, Coupland C. Predicting risk of osteoporotic fracture in men and women in England and Wales: prospective deriva- tion and validation of QFractureScores. BMJ. 2009;339:b4229. https:// doi.org/10.1136/bmj. b4229 3 7. Hirst Y , Lim AWW. Acceptability of text messages for safety netting patients with low-risk cancer symptoms: a qualitative study. Br J Gen Pract. 2018;68:e333-e341. https:// doi.org/10.3399/ bjgp18X695741 38. Howell DA, Hart RI, Smith AG, et al. Myeloma: patient accounts of their pathways to diagno- sis. PLoS One. 2018;13:e0194788. https:// doi. org/10.1371/journal.pone.0194788 39. Hutton M. Spinal Services: GIRFT Programme National Specialty Report. London, UK: Getting It Right First",title: International Framework for Red Flags for Potential Serious Spinal Pathologies | author: Finucane L | year: 2020 | authority: Journal of Orthopaedic and Sports Physical Therapy | doi: 10.2519/jospt.2020.9971,corpus=red_flags;source_id=1;doc=1.pdf;chunk_index=104;chunk_method=pypdf
red_flags_1_0105,"Time; 2019. 40. Jacobson AF . Musculoskeletal pain as an indica- tor of occult malignancy. Yield of bone scintigra- phy. Arch Intern Med. 1997;157:105-109. https:// doi.org/10.1001/ archinte.1997 .00440220111014 41. Jarvik JG, Deyo RA. Diagnostic evaluation of low back pain with emphasis on imaging. Ann Intern Med. 2002;137:586-597 . https:// doi. org/10.7326/0003-4819-137-7-200210010-00010 42. Jensen RL. Cauda equina syndrome as a post- operative complication of lumbar spine surgery. Neurosurg Focus. 2004;16:e7 . https:// doi. org/10.3171/foc.2004.16.6.6 43. Khoo LA, Heron C, Patel U, et al. The diagnostic contribution of the frontal lumbar spine radio- graph in community referred low back pain—a prospective study of 1030 patients. Clin Radiol. 2003;58:606-609. https:// doi.org/10.1016/ s0009-9260(03)00173-9 44. Lee SJ, Park S, Ahn HK, et al. Implications of bone-only metastases in breast cancer: favorable preference with excellent outcomes of hormone receptor positive breast cancer . Cancer Res Tr e a t. 2011;43:89-95. https:// doi.org/10.4143/ crt.2011.43.2.89 45. Lener S, Hartmann S, Barbagallo GMV , Certo F , Thomé C, T schugg A. Management of spi- nal infection: a review of",title: International Framework for Red Flags for Potential Serious Spinal Pathologies | author: Finucane L | year: 2020 | authority: Journal of Orthopaedic and Sports Physical Therapy | doi: 10.2519/jospt.2020.9971,corpus=red_flags;source_id=1;doc=1.pdf;chunk_index=105;chunk_method=pypdf
red_flags_1_0106,"the literature. Acta Neurochir (Wien). 2018;160:487-496. https:// doi. org/10.1007 / s00701-018-3467-2 46. Levack P , Graham J, Collie D, et al. Don’t wait for a sensory level – listen to the symptoms: a prospective audit of the delays in diagnosis of malignant cord compression. Clin Oncol (R Coll Radiol). 2002;14:472-480. https:// doi. org/10.1053/ clon.2002.0098 47. Lipman M, White J. Collaborative tuberculosis strategy for England. BMJ. 2015;350:h810. https:// doi.org/10.1136/bmj.h810 48. Long B, Koyfman A, Gottlieb M. Evaluation and management of cauda equina syndrome in the emergency department. Am J Emerg Med. 2020;38:143-148. https:// doi.org/10.1016/j. ajem.2019.158402 49. Lury K, Smith JK, Castillo M. Imaging of spinal infections. Semin Roentgenol. 2006;41:363-379. https:// doi.org/10.1053/j.ro.2006.07 .008 50. McCarthy J, Davis A. Diagnosis and management of vertebral compression fractures. Am Fam Physician. 2016;94:44-50. 51. Mukherjee S, Thakur B, Crocker M. Cauda equina syndrome: a clinical review for the frontline clini- cian. Br J Hosp Med (Lond). 2013;74:460-464. https:// doi.org/10.12968/hmed.2013.74.8.460 52. Nagashima H. Spinal infections. In: Berhouma M,",title: International Framework for Red Flags for Potential Serious Spinal Pathologies | author: Finucane L | year: 2020 | authority: Journal of Orthopaedic and Sports Physical Therapy | doi: 10.2519/jospt.2020.9971,corpus=red_flags;source_id=1;doc=1.pdf;chunk_index=106;chunk_method=pypdf
red_flags_1_0107,"Krolak-Salmon P , eds. Brain and Spine Surgery in the Elderly. Cham, Switzerland: Springer; 2017:305-327 . 53. National Clinical Guideline Centre. Osteoporosis: Assessing the Risk of Fragility Fracture. NICE Short Clinical Guideline. London, UK: National Clinical Guideline Centre; 2012. 54. National Health Service. Did you know – Cauda Equina Syndrome. Available at: https://webar- chive.nationalarchives.gov.uk/20180903112728/. Accessed April 22, 2020. 55. National Health Service. Risks: lumbar decom- pression surgery. Available at: https://www.nhs. uk/ conditions/lumbar-decompression-surgery/ risks/. Accessed April 16, 2020. 56. National Health Service. Shared decision making. Available at: https://www.england.nhs.uk/ shared- decision-making/. Accessed April 16, 2020. 57. National Institute for Health and Care Excellence. Metastatic Spinal Cord Compression in Adults: Risk Assessment, Diagnosis and Management. Manchester , UK: National Institute for Health and Care Excellence; 2008. 58. National Institute for Health and Care Excellence. Osteoporosis - prevention of fragility fractures. Available at: https://www.nice.org.uk/ cks-uk- only#!scenario:1. Accessed April 17 , 2020. 59.",title: International Framework for Red Flags for Potential Serious Spinal Pathologies | author: Finucane L | year: 2020 | authority: Journal of Orthopaedic and Sports Physical Therapy | doi: 10.2519/jospt.2020.9971,corpus=red_flags;source_id=1;doc=1.pdf;chunk_index=107;chunk_method=pypdf
red_flags_1_0108,"Nicholson BD, Aveyard P , Hamilton W, Hobbs FDR. When should unexpected weight loss war- rant further investigation to exclude cancer? BMJ. 2019;366:l5271. https:// doi.org/10.1136/bmj.l5271 60. Nickerson EK, Sinha R. Vertebral osteomyelitis in adults: an update. Br Med Bull. 2016;117:121-138. https:// doi.org/10.1093/bmb/ldw003 61. Nuti R, Brandi ML, Checchia G, et al. Guidelines for the management of osteoporosis and fragility fractures. Intern Emerg Med. 2019;14:85-102. https:// doi.org/10.1007 / s11739-018-1874-2 62. Oliver TB, Bhat R, Kellett CF , Adamson DJ. Diagnosis and management of bone metastases. J R Coll Physicians Edinb. 2011;41:330-338. 63. Parreira PCS, Maher CG, Megale RZ, March L, Ferreira ML. An overview of clinical guidelines for the management of vertebral compression frac- ture: a systematic review. Spine J. 2017;17:1932- 1938. https:// doi.org/10.1016/j.spinee.2017 .07 .174 20. Downie A, Williams CM, Henschke N, et al. Red flags to screen for malignancy and fracture in patients with low back pain: systematic review. BMJ. 2013;347:f7095. https:// doi.org/10.1136/ bmj.f7095 21. Duarte RM, Vaccaro AR. Spinal infection: state of the art and management algorithm.",title: International Framework for Red Flags for Potential Serious Spinal Pathologies | author: Finucane L | year: 2020 | authority: Journal of Orthopaedic and Sports Physical Therapy | doi: 10.2519/jospt.2020.9971,corpus=red_flags;source_id=1;doc=1.pdf;chunk_index=108;chunk_method=pypdf
red_flags_1_0109,"Eur Spine J. 2013;22:2787-2799. https:// doi.org/10.1007 / s00586-013-2850-1 22. DynamicHealth. Do your patients suffer with Cauda Equina Syndrome? Available at: https:// www.eoemskservice.nhs.uk/ advice-and-leaflets/ lower-back/ cauda-equina. Accessed April 17 , 2020. 23. Esses SI, McGuire R, Jenkins J, et al. The treatment of symptomatic osteoporotic spinal compression fractures. J Am Acad Orthop Surg. 2011;19:176-182. https:// doi. org/10.5435/00124635-201103000-00007 24. Farrell C. Bone metastases: assessment, management and treatment options. Br J Nurs. 2013;22:S4, S6, S8-S11. https:// doi. org/10.12968/bjon.2013.22.Sup7 .S4 25. Finucane L, Greenhalgh S, Selfe J. Which red flags aid the early detection of metastatic bone disease in back pain? Physiother Pract Res. 2017;38:73-77 . https:// doi.org/10.3233/ PPR-170095 26. Frazier LM, Carey TS, Lyles MF , Khayrallah MA, McGaghie WC. Selective criteria may increase lumbosacral spine roentgenogram use in acute low-back pain. Arch Intern Med. 1989;149:47-50. https:// doi.org/10.1001/ archinte.1989.00390010065005 27. Genevay S, Atlas SJ. Lumbar spinal stenosis. Best Pract Res Clin Rheumatol. 2010;24:253-265. https://",title: International Framework for Red Flags for Potential Serious Spinal Pathologies | author: Finucane L | year: 2020 | authority: Journal of Orthopaedic and Sports Physical Therapy | doi: 10.2519/jospt.2020.9971,corpus=red_flags;source_id=1;doc=1.pdf;chunk_index=109;chunk_method=pypdf
red_flags_1_0110,"doi.org/10.1016/j.berh.2009.11.001 28. Germon T , Ahuja S, Casey ATH, T odd NV , Rai A. British Association of Spine Surgeons standards of care for cauda equina syndrome. Spine J. 2015;15:S2-S4. https:// doi.org/10.1016/j. spinee.2015.01.006 29. Gibson M, Zoltie N. Radiography for back pain presenting to accident and emergency depart- ments. Arch Emerg Med. 1992;9:28-31. https:// doi.org/10.1136/ emj.9.1.28 30. Gouliouris T , Aliyu SH, Brown NM. Spondylodiscitis: update on diagnosis and management. J Antimicrob Chemother. 2010;65 suppl 3:iii11-iii24. https:// doi.org/10.1093/jac/ dkq303 31. Greenhalgh S, Finucane L, Mercer C, Selfe J. Assessment and management of cauda equina syndrome. Musculoskelet Sci Pract. 2018;37:69- 74. https:// doi.org/10.1016/j.msksp.2018.06.002 32. Greenhalgh S, Selfe J. Red Flags and Blue Lights: Managing Serious Spinal Pathology. 2nd ed. Edinburgh, UK: Elsevier; 2019. 33. Harel R, Angelov L. Spine metastases: current treatments and future directions. Eur J Cancer. 2010;46:2696-2707 . https:// doi.org/10.1016/j. ejca.2010.04.025 34. Henschke N, Maher CG, Ostelo RW, de Vet HC, Macaskill P , Irwig L. Red flags to screen for Journal of Orthopaedic & Sports",title: International Framework for Red Flags for Potential Serious Spinal Pathologies | author: Finucane L | year: 2020 | authority: Journal of Orthopaedic and Sports Physical Therapy | doi: 10.2519/jospt.2020.9971,corpus=red_flags;source_id=1;doc=1.pdf;chunk_index=110;chunk_method=pypdf
red_flags_1_0111,"Physical Therapy® Downloaded from www.jospt.org at on May 21, 2026. For personal use only. No other uses without permission. Copyright © 2020 Journal of Orthopaedic & Sports Physical Therapy®. All rights reserved.",title: International Framework for Red Flags for Potential Serious Spinal Pathologies | author: Finucane L | year: 2020 | authority: Journal of Orthopaedic and Sports Physical Therapy | doi: 10.2519/jospt.2020.9971,corpus=red_flags;source_id=1;doc=1.pdf;chunk_index=111;chunk_method=pypdf
red_flags_1_0112,"372 | july 2020 | volume 50 | number 7 | journal of orthopaedic & sports physical therapy [ position statement ] @ MORE INFORMATION WWW.JOSPT .ORG 64. Patel U, Skingle S, Campbell GA, Crisp AJ, Boyle IT . Clinical profile of acute vertebral compres- sion fractures in osteoporosis. Br J Rheumatol. 1991;30:418-421. https:// doi.org/10.1093/ rheumatology/30.6.418 65. Patrick JD, Doris PE, Mills ML, Friedman J, Johnston C. Lumbar spine x-rays: a multihospital study. Ann Emerg Med. 1983;12:84-87 . https:// doi.org/10.1016/ s0196-0644(83)80378-3 66. Premkumar A, Godfrey W, Gottschalk MB, Boden SD. Red flags for low back pain are not always really red: a prospective evaluation of the clinical utility of commonly used screening questions for low back pain. J Bone Joint Surg Am. 2018;100:368-374. https:// doi.org/10.2106/ JBJS.17 .00134 67. Public Health England. T uberculosis in England: 2019 Report (presenting data to end of 2018). London, UK: Public Health England; 2019. 68. Reinus WR, Strome G, Zwemer FL, Jr . Use of lumbosacral spine radiographs in a level II emergency department. AJR Am J Roentgenol. 1998;170:443-447 . https:// doi.org/10.2214/ ajr .170.2.9456961 69. Roman M, Brown C,",title: International Framework for Red Flags for Potential Serious Spinal Pathologies | author: Finucane L | year: 2020 | authority: Journal of Orthopaedic and Sports Physical Therapy | doi: 10.2519/jospt.2020.9971,corpus=red_flags;source_id=1;doc=1.pdf;chunk_index=112;chunk_method=pypdf
red_flags_1_0113,"Richardson W, Isaacs R, Howes C, Cook C. The development of a clinical decision making algorithm for detec- tion of osteoporotic vertebral compression fracture or wedge deformity. J Man Manip Ther. 2010;18:44-49. https:// doi.org/10.1179/10669811 0X12595770849641 70. Roy DK, O’Neill TW, Finn JD, et al. Determinants of incident vertebral fracture in men and women: results from the European Prospective Osteoporosis Study (EPOS). Osteoporos Int. 2003;14:19-26. https:// doi.org/10.1007 / s00198-002-1317-8 71. Royal College of Physicians. National Early Warning Score (NEWS) 2: Standardising the Assessment of Acute-Illness Severity in the NHS. London, UK: Royal College of Physicians; 2017 . 72. Royal Osteoporosis Society. Clinical guidance for the effective identification of vertebral fractures. Available at: https://www.guidelines.co.uk/ musculoskeletal-and-joints-/ ros-guideline-iden- tification-of-vertebral-fractures/ 454148.article. Accessed April 16, 2020. 73. Scavone JG, Latshaw RF , Rohrer GV . Use of lumbar spine films. Statistical evalua- tion at a university teaching hospital. JAMA. 1981;246:1105-1108. https:// doi.org/10.1001/ jama.1981.03320100041027 74. Sciubba DM, Petteys",title: International Framework for Red Flags for Potential Serious Spinal Pathologies | author: Finucane L | year: 2020 | authority: Journal of Orthopaedic and Sports Physical Therapy | doi: 10.2519/jospt.2020.9971,corpus=red_flags;source_id=1;doc=1.pdf;chunk_index=113;chunk_method=pypdf
red_flags_1_0114,"RJ, Dekutoski MB, et al. Diagnosis and management of metastatic spine disease. A review. J Neurosurg Spine. 2010;13:94- 108. https:// doi.org/10.3171/2010.3.SPINE09202 75. Scottish Intercollegiate Guidelines Network. Management of Osteoporosis and the Prevention of Fragility Fractures. Edinburgh, UK: Scottish Intercollegiate Guidelines Network; 2015. 76. Sendi P , Bregenzer T , Zimmerli W. Spinal epidural abscess in clinical practice. QJM. 2008;101:1-12. https:// doi.org/10.1093/ qjmed/hcm100 77. Straus SE, Sackett DL. Using research findings in clinical practice. BMJ. 1998;317:339-342. https:// doi.org/10.1136/bmj.317 .7154.339 78. Sutcliffe P , Connock M, Shyangdan D, Court R, Kandala NB, Clarke A. A systematic review of evi- dence on malignant spinal metastases: natural history and technologies for identifying patients at high risk of vertebral fracture and spinal cord compression. Health T echnol Assess. 2013;17:1- 274. https:// doi.org/10.3310/hta17420 79. T urnpenney J, Greenhalgh S, Richards L, Crabtree A, Selfe J. Developing an early alert system for metastatic spinal cord compression (MSCC): Red Flag credit cards. Prim Health Care Res Dev. 2015;16:14-20. https://",title: International Framework for Red Flags for Potential Serious Spinal Pathologies | author: Finucane L | year: 2020 | authority: Journal of Orthopaedic and Sports Physical Therapy | doi: 10.2519/jospt.2020.9971,corpus=red_flags;source_id=1;doc=1.pdf;chunk_index=114;chunk_method=pypdf
red_flags_1_0115,"doi.org/10.1017 / S1463423613000376 80. van den Bosch MA, Hollingworth W, Kinmonth AL, Dixon AK. Evidence against the use of lum- bar spine radiography for low back pain. Clin Radiol. 2004;59:69-76. https:// doi.org/10.1016/j. crad.2003.08.012 81. van der Voort DJ, van der Weijer PH, Barentsen R. Early menopause: increased fracture risk at older age. Osteoporos Int. 2003;14:525-530. https:// doi.org/10.1007 / s00198-003-1408-1 82. Verhagen AP , Downie A, Popal N, Maher C, Koes BW. Red flags presented in current low back pain guidelines: a review. Eur Spine J. 2016;25:2788-2802. https:// doi.org/10.1007 / s00586-016-4684-0 83. Wainwright A. Spinal infection. In: Bartley R, Coffey P , eds. Management of Low Back Pain in Primary Care. Oxford, UK: Elsevier/Butterworth- Heinemann; 2001:ch 9. 84. Watson J, Jones HE, Banks J, Whiting P , Salisbury C, Hamilton W. Use of multiple inflammatory marker tests in primary care: using Clinical Practice Research Datalink to evaluate accuracy. Br J Gen Pract. 2019;69:e462-e469. https:// doi. org/10.3399/bjgp19X704309 85. Williams CM, Henschke N, Maher CG, et al. Red flags to screen for vertebral fracture in patients presenting with low-back pain.",title: International Framework for Red Flags for Potential Serious Spinal Pathologies | author: Finucane L | year: 2020 | authority: Journal of Orthopaedic and Sports Physical Therapy | doi: 10.2519/jospt.2020.9971,corpus=red_flags;source_id=1;doc=1.pdf;chunk_index=115;chunk_method=pypdf
red_flags_1_0116,"Cochrane Database Syst Rev. 2013:CD008643. https:// doi. org/10.1002/14651858.CD008643.pub2 86. World Confederation for Physical Therapy. WCPT policy statement: advanced physical therapy practice. Available at: https://www.wcpt.org/ policy/ ps-advanced-pt-practice. Accessed April 17 , 2020. 87. World Health Organization. TB and HIV , and other comorbidities. Available at: https://www.who.int/ tb/ areas-of-work/tb-hiv/ en/. Accessed April 16, 2020. 88. Yusuf M, Finucane L, Selfe J. Red flags for the early detection of spinal infection in back pain patients. BMC Musculoskelet Disord. 2019;20:606. https:// doi.org/10.1186/ s12891-019-2949-6 89. Ziu M, Dengler B, Cordell D, Bartanusz V . Diagnosis and management of primary pyogenic spinal infections in intravenous recreational drug users. Neurosurg Focus. 2014;37:E3. https:// doi. org/10.3171/2014.6.FOCUS14148 FIND Author Instructions & Tools on the Journal’s Website JOSPT’s instructions to authors are available at www.jospt.org by clicking Complete Author Instructions in the right-hand Author Center widget on the home page, or by visiting the Info Center for Authors, located in the site’s top navigation bar. The Journal’s editors have",title: International Framework for Red Flags for Potential Serious Spinal Pathologies | author: Finucane L | year: 2020 | authority: Journal of Orthopaedic and Sports Physical Therapy | doi: 10.2519/jospt.2020.9971,corpus=red_flags;source_id=1;doc=1.pdf;chunk_index=116;chunk_method=pypdf
red_flags_1_0117,"assembled a list of useful tools and links for authors as well as reviewers. Journal of Orthopaedic & Sports Physical Therapy® Downloaded from www.jospt.org at on May 21, 2026. For personal use only. No other uses without permission. Copyright © 2020 Journal of Orthopaedic & Sports Physical Therapy®. All rights reserved.",title: International Framework for Red Flags for Potential Serious Spinal Pathologies | author: Finucane L | year: 2020 | authority: Journal of Orthopaedic and Sports Physical Therapy | doi: 10.2519/jospt.2020.9971,corpus=red_flags;source_id=1;doc=1.pdf;chunk_index=117;chunk_method=pypdf
red_flags_1_0118,"journal of orthopaedic & sports physical therapy | volume 50 | number 7 | july 2020 | a1 [ position statement ] APPENDIX A DEFINITIONS • Clinical risk/index of suspicion: relates to clinical risk factors and presenting clinical features. Once the index of suspicion passes a critical thresh- old, the therapist will become concerned about the underlying cause of the person’s complaint3 • Emergency referral: this needs to reflect local pathways, but, as a guide, on the same day • Experts by experience: patient representatives • General practitioner review: follow-up by medical practitioner; onward medical management to be carried out by the general practitioner • High level of evidence: evidence supported by the literature • Investigations: refers to requesting imaging or ordering blood tests to aid diagnosis • Low level of evidence: evidence supported by consensus and the steering group • Red flag: Goodman and Snyder2 define red flags as features of the individual’s medical history and clinical examination thought to be associated with a high risk of serious disorders such as infection, inflammation, cancer , or fracture. Red flags are clinical prediction guides—they are not diag-",title: International Framework for Red Flags for Potential Serious Spinal Pathologies | author: Finucane L | year: 2020 | authority: Journal of Orthopaedic and Sports Physical Therapy | doi: 10.2519/jospt.2020.9971,corpus=red_flags;source_id=1;doc=1.pdf;chunk_index=118;chunk_method=pypdf
red_flags_1_0119,"nostic tests, and they are not necessarily predictors of diagnosis or prognosis. The main role of red flags is that, when combined, they help to raise the clinician’s index of suspicion. Unfortunately, with a few exceptions, the prognostic strength of individual red flags or combinations of red flags is not known3 • Safety netting: safety netting is a management strategy used for people who may present with possible serious pathology. These strategies should include advice on which signs and symptoms to look out for , which action to take, and the time frame within which that action needs to be taken4 • Shared decision making: the conversation that happens between a patient and a clinician to reach a health care choice together • Urgent referral: this needs to reflect local pathways, but, as a guide, within 5 days • Watchful waiting: the act of close surveillance while undergoing treatment as required, but allowing time to pass before medical intervention or therapy is used1 REFERENCES 1. Cook CE, George SZ, Reiman MP . Red flag screening for low back pain: nothing to see here, move along: a narrative review. Br J Sports Med. 2018;52:493-496. https:// doi.",title: International Framework for Red Flags for Potential Serious Spinal Pathologies | author: Finucane L | year: 2020 | authority: Journal of Orthopaedic and Sports Physical Therapy | doi: 10.2519/jospt.2020.9971,corpus=red_flags;source_id=1;doc=1.pdf;chunk_index=119;chunk_method=pypdf
red_flags_1_0120,"org/10.1136/bjsports-2017-098352 2. Goodman CC, Snyder TEK. Screening for immunologic disease. In: Differential Diagnosis for Physical Therapists: Screening for Referral. 5th ed. St Louis, MO: Elsevier/ Saunders; 2013:ch 12. 3. Greenhalgh S, Selfe J. Red Flags II: A Guide to Solving Serious Pathology of the Spine. Edinburgh, UK: Elsevier/Churchill Livingstone; 2010. 4. Hirst Y , Lim AWW. Acceptability of text messages for safety netting patients with low-risk cancer symptoms: a qualitative study. Br J Gen Pract. 2018;68:e333-e341. https:// doi.org/10.3399/bjgp18X695741 Journal of Orthopaedic & Sports Physical Therapy® Downloaded from www.jospt.org at on May 21, 2026. For personal use only. No other uses without permission. Copyright © 2020 Journal of Orthopaedic & Sports Physical Therapy®. All rights reserved.",title: International Framework for Red Flags for Potential Serious Spinal Pathologies | author: Finucane L | year: 2020 | authority: Journal of Orthopaedic and Sports Physical Therapy | doi: 10.2519/jospt.2020.9971,corpus=red_flags;source_id=1;doc=1.pdf;chunk_index=120;chunk_method=pypdf
red_flags_1_0121,"a2 | july 2020 | volume 50 | number 7 | journal of orthopaedic & sports physical therapy [ position statement ] KEY PAPERS: EVIDENCE STATEMENTS Pathology Papers Reviewed, n Patients, n Evidence Statement CES1 7 569 Red flags commonly used to screen for CES are not robust enough to diagnose CES on their own, as their diagnostic accuracy is poor . That being said, red flags still remain important clinical markers for the suspicion of CES, as presently they are the best tools that general health care practitioners have to screen for this serious condition CES4 NA NA Policy document outlining best standards of care In patients with symptoms suggestive of CES, with confirmed cauda equina compression on MRI, the recom- mended treatment of choice is urgent surgical decompression Nothing is to be gained by delaying surgery, and potentially there is much to be lost. Decompressive surgery should be undertaken at the earliest opportunity, taking into consideration the duration of pre-existing symptoms and the potential for increased morbidity, while operating in the small hours. We do not consider that there is anything in the literature that justifies contravention of this principle. We",title: International Framework for Red Flags for Potential Serious Spinal Pathologies | author: Finucane L | year: 2020 | authority: Journal of Orthopaedic and Sports Physical Therapy | doi: 10.2519/jospt.2020.9971,corpus=red_flags;source_id=1;doc=1.pdf;chunk_index=121;chunk_method=pypdf
red_flags_1_0122,"recommend that reasons for any delay in surgery be documented CES5 NA NA A number of authors, including Henschke et al,7 Downie et al,2 and Verhagen et al,12 have published high- quality review papers demonstrating that red flags have a weak evidence base Fracture13 8 7378 The available evidence does not support the use of many red flags to specifically screen for vertebral fracture in patients presenting with LBP . From the limited evidence, the findings give rise to a weak recommenda- tion that a combination of a small subset of red flags may be useful to screen for vertebral fracture Fracture11 NA NA NA Fracture9 4 guidelines NA Overall, none of the guidelines was of satisfactory quality. The domains with the lowest scores were rigor of development and applicability Fracture3 NA NA NA Fracture8 NA NA Evidence rating: C—consensus, disease-oriented evidence, usual practice, expert opinion, or case series Malignancy6 8 7361 For most “red flags,” there is insufficient evidence to provide recommendations regarding their diagnostic accuracy or usefulness for detecting spinal malignancy Infection14 41 2058 The current evidence surrounding red flags for SI remains of low quality, and",title: International Framework for Red Flags for Potential Serious Spinal Pathologies | author: Finucane L | year: 2020 | authority: Journal of Orthopaedic and Sports Physical Therapy | doi: 10.2519/jospt.2020.9971,corpus=red_flags;source_id=1;doc=1.pdf;chunk_index=122;chunk_method=pypdf
red_flags_1_0123,"clinical features alone should not be relied on to identify SI Infection10 NA NA NA Abbreviations: CES, cauda equina syndrome; LBP, low back pain; MRI, magnetic resonance imaging; NA, not applicable; SI, spinal infection. REFERENCES 1. Dionne N, Adefolarin A, Kunzelman D, et al. What is the diagnostic accuracy of red flags related to Cauda Equina Syndrome (CES), when compared to Magnetic Resonance Imaging (MRI)? A systematic review. Musculoskelet Sci Pract. 2019;42:125-133. https:// doi.org/10.1016/j.msksp.2019.05.004 2. Downie A, Williams CM, Henschke N, et al. Red flags to screen for malignancy and fracture in patients with low back pain: systematic review. BMJ. 2013;347:f7095. https:// doi.org/10.1136/bmj.f7095 3. Esses SI, McGuire R, Jenkins J, et al. The treatment of symptomatic osteoporotic spinal compression fractures. J Am Acad Orthop Surg. 2011;19:176-182. https:// doi. org/10.5435/00124635-201103000-00007 4. Germon T , Ahuja S, Casey ATH, T odd NV , Rai A. British Association of Spine Surgeons standards of care for cauda equina syndrome. Spine J. 2015;15:S2-S4. https:// doi. org/10.1016/j.spinee.2015.01.006 5. Greenhalgh S, Finucane L, Mercer C, Selfe J. Assessment and",title: International Framework for Red Flags for Potential Serious Spinal Pathologies | author: Finucane L | year: 2020 | authority: Journal of Orthopaedic and Sports Physical Therapy | doi: 10.2519/jospt.2020.9971,corpus=red_flags;source_id=1;doc=1.pdf;chunk_index=123;chunk_method=pypdf
red_flags_1_0124,"management of cauda equina syndrome. Musculoskelet Sci Pract. 2018;37:69-74. https:// doi.org/10.1016/j. msksp.2018.06.002 6. Henschke N, Maher CG, Ostelo RW, de Vet HC, Macaskill P , Irwig L. Red flags to screen for malignancy in patients with low-back pain. Cochrane Database Syst Rev. 2013:CD008686. https:// doi.org/10.1002/14651858.CD008686.pub2 7. Henschke N, Maher CG, Refshauge KM, et al. Prevalence of and screening for serious spinal pathology in patients presenting to primary care settings with acute low back pain. Arthritis Rheum. 2009;60:3072-3080. https:// doi.org/10.1002/ art.24853 8. McCarthy J, Davis A. Diagnosis and management of vertebral compression fractures. Am Fam Physician. 2016;94:44-50. 9. Parreira PCS, Maher CG, Megale RZ, March L, Ferreira ML. An overview of clinical guidelines for the management of vertebral compression fracture: a systematic review. Spine J. 2017;17:1932-1938. https:// doi.org/10.1016/j.spinee.2017 .07 .174 10. Public Health England. T uberculosis in England: 2019 Report (presenting data to end of 2018). London, UK: Public Health England; 2019. 11. Royal Osteoporosis Society. Clinical guidance for the effective identification of vertebral",title: International Framework for Red Flags for Potential Serious Spinal Pathologies | author: Finucane L | year: 2020 | authority: Journal of Orthopaedic and Sports Physical Therapy | doi: 10.2519/jospt.2020.9971,corpus=red_flags;source_id=1;doc=1.pdf;chunk_index=124;chunk_method=pypdf
red_flags_1_0125,"fractures. Available at: https://www.guidelines.co.uk/ musculoskeletal-and-joints-/ ros-guideline-identification-of-vertebral-fractures/ 454148.article. Accessed April 16, 2020. 12. Verhagen AP , Downie A, Popal N, Maher C, Koes BW. Red flags presented in current low back pain guidelines: a review. Eur Spine J. 2016;25:2788-2802. https:// doi. org/10.1007 / s00586-016-4684-0 13. Williams CM, Henschke N, Maher CG, et al. Red flags to screen for vertebral fracture in patients presenting with low-back pain. Cochrane Database Syst Rev. 2013:CD008643. https:// doi.org/10.1002/14651858.CD008643.pub2 14. Yusuf M, Finucane L, Selfe J. Red flags for the early detection of spinal infection in back pain patients. BMC Musculoskelet Disord. 2019;20:606. https:// doi.org/10.1186/ s12891-019-2949-6 APPENDIX B Journal of Orthopaedic & Sports Physical Therapy® Downloaded from www.jospt.org at on May 21, 2026. For personal use only. No other uses without permission. Copyright © 2020 Journal of Orthopaedic & Sports Physical Therapy®. All rights reserved.",title: International Framework for Red Flags for Potential Serious Spinal Pathologies | author: Finucane L | year: 2020 | authority: Journal of Orthopaedic and Sports Physical Therapy | doi: 10.2519/jospt.2020.9971,corpus=red_flags;source_id=1;doc=1.pdf;chunk_index=125;chunk_method=pypdf
red_flags_1_0126,"journal of orthopaedic & sports physical therapy | volume 50 | number 7 | july 2020 | a3 RED FLAGS THAT GAINED CONSENSUS AS INAPPROPRIATE Pathology Risk Factors Signs Symptoms Investigations CES ... • Absent bulbocavernosus reflex • Saddle anesthesia • X-ray • Bladder ultrasound Fracture • BMI, <23 kg/ m2 • Recent back injury • No regular exercise • Family history of spinal fracture • Smoking • Alcohol intake, >14 units/wk • Muscle spasm • Muscle spasm • Leg pain ... Malignancy • Failure to improve after 1 mo with conservative therapy • Duration of episode, >1 mo • Age, >50 y • Muscle spasm • Fever recorded via thermometer (tem- perature, >100°F /37 .8°C) • Muscle spasm • Insidious onset • Patient reports symptoms of fever • Patient reports neurological symptoms • Patient reports having tried bed rest, with no relief • Patient reports gradual onset before age 40 • X-ray Infection • Older age • Spinal trauma • Male sex • Lives in rural area • Ingestion of unpasteurized dairy product • Blood pressure dysfunction • Abscess • Paralysis • Active bacterial/fungal infection • Sepsis/ septic shock • Weight loss (at least 4 kg) • Observed spinal deformity • Anorexia (BMI, ≤19 kg/ m2) •",title: International Framework for Red Flags for Potential Serious Spinal Pathologies | author: Finucane L | year: 2020 | authority: Journal of Orthopaedic and Sports Physical Therapy | doi: 10.2519/jospt.2020.9971,corpus=red_flags;source_id=1;doc=1.pdf;chunk_index=126;chunk_method=pypdf
red_flags_1_0127,"Hepatosplenomegaly (liver and spleen enlargement) • Patient reports stiffness • Patient reports feeling of tenderness • Patient reports radiculopathy • Patient reports bladder/bowel dys- function • Patient reports urinary incontinence • Weakness/ extreme weakness • Arthralgia • Myalgia • Anorexia • CT scan Abbreviations: BMI, body mass index; CES, cauda equina syndrome; CT, computed tomography. APPENDIX C Journal of Orthopaedic & Sports Physical Therapy® Downloaded from www.jospt.org at on May 21, 2026. For personal use only. No other uses without permission. Copyright © 2020 Journal of Orthopaedic & Sports Physical Therapy®. All rights reserved.",title: International Framework for Red Flags for Potential Serious Spinal Pathologies | author: Finucane L | year: 2020 | authority: Journal of Orthopaedic and Sports Physical Therapy | doi: 10.2519/jospt.2020.9971,corpus=red_flags;source_id=1;doc=1.pdf;chunk_index=127;chunk_method=pypdf
red_flags_2_0001,"Disability and Rehabilitation
ISSN: 0963-8288 (Print) 1464-5165 (Online) Journal homepage: www.tandfonline.com/journals/idre20
The diagnostic value of Red Flags in
thoracolumbar pain: a systematic review
Filippo Maselli, Michael Palladino, Valerio Barbari, Lorenzo Storari, Giacomo
Rossettini & Marco Testa
To cite this article: Filippo Maselli, Michael Palladino, Valerio Barbari, Lorenzo
Storari, Giacomo Rossettini & Marco Testa (2022) The diagnostic value of Red Flags in
thoracolumbar pain: a systematic review, Disability and Rehabilitation, 44:8, 1190-1206, DOI:
10.1080/09638288.2020.1804626
To link to this article: https://doi.org/10.1080/09638288.2020.1804626
View supplementary material 
Published online: 19 Aug 2020.
Submit your article to this journal 
Article views: 2448
View related articles 
View Crossmark data
Citing articles: 30 View citing articles 
Full Terms & Conditions of access and use can be found at
https://www.tandfonline.com/action/journalInformation?journalCode=idre20",title: The diagnostic value of Red Flags in thoracolumbar pain: a systematic review | author: Maselli F | year: 2022 | authority: Disability and Rehabilitation | doi: 10.1080/09638288.2020.1804626,corpus=red_flags;source_id=2;doc=2.pdf;chunk_index=1;chunk_method=pypdf
red_flags_2_0002,"REVIEW The diagnostic value of Red Flags in thoracolumbar pain: a systematic review Filippo Maselli a,b , Michael Palladino a,c, Valerio Barbari a,d, Lorenzo Storari a,e, Giacomo Rossettini a,f/C3 and Marco Testa a/C3 aDepartment of Neurosciences, Rehabilitation, Ophthalmology, Genetic and Maternal Infantile Sciences (DINOGMI), University of Genoa – Campus of Savona, Savona, Italy; bSovrintendenza Sanitaria Regionale Puglia INAIL, Bari, Italy; cPrivate Practice, Torino, Italy; dPrivate Practice, Rimini, Italy; ePrivate Practice, “Centro Retrain ”, Verona, Italy; fSchool of Physiotherapy, University of Verona, Verona, Italy ABSTRACT Purpose: Red Flags (RFs) are signs and symptoms related to the screening of serious underlying patholo- gies mimicking a musculoskeletal pain. The current literature wonders about the usefulness of RFs, due to high false-positive rates and low diagnostic accuracy. The aims of this systematic review are: (a) to identify and (b) to evaluate the most important RFs that could be found by a health care professional during the assessment of patients with low and upper back pain (named as thoracolumbar pain (TLP)) to screen serious pathologies. Materials and",title: The diagnostic value of Red Flags in thoracolumbar pain: a systematic review | author: Maselli F | year: 2022 | authority: Disability and Rehabilitation | doi: 10.1080/09638288.2020.1804626,corpus=red_flags;source_id=2;doc=2.pdf;chunk_index=2;chunk_method=pypdf
red_flags_2_0003,"methods: A systematic review of the literature was conducted. Searches were performed on seven databases (Pubmed, Web of Science, Cochrane Library, Pedro, Scielo, CINAHL, and Google Scholar) between March 2019 and June 2020, using a search string which included synonyms of low back pain (LBP), chest pain (CP), differential diagnosis, RF, and serious disease. Only observational studies enrolling patients with LBP or CP were included. Risk of bias was assessed with the Newcastle Ottawa Scale and inter-rater agreement between authors for full-text selection was evaluated with Cohen ’s Kappa. Where possible the diagnostic accuracy was recorded for sensitivity (Sn), specificity (Sp), and posi- tive/negative likelihood ratio (LR þ/LR–). Results: Forty full-texts were included. Most of the included observational studies were judged as low risk of bias, and Cohen ’s Kappa was good ( ¼0.78). The identified RFs were: advanced age; neurological signs; history of trauma; malignancy; female gender; corticosteroids use; night pain; unintentional weight loss; bladder or bowel dysfunction; loss of anal sphincter tone; saddle anaesthesia; constant pain; recent infection; family or personal history",title: The diagnostic value of Red Flags in thoracolumbar pain: a systematic review | author: Maselli F | year: 2022 | authority: Disability and Rehabilitation | doi: 10.1080/09638288.2020.1804626,corpus=red_flags;source_id=2;doc=2.pdf;chunk_index=3;chunk_method=pypdf
red_flags_2_0004,"of heart or pulmonary diseases; dyspnoea; fever; postprandial CP; typ- ical reflux symptoms; haemoptysis; sweating; pain radiated to upper limbs; hypotension; retrosternal pain; exertional pain; diaphoresis; and tachycardia. The diagnostic accuracy of RFs as self-contained screening tool was low, while the combination of multiple RFs showed to increase the probability to identify serious pathologies. Conclusions: Despite the use of single RF should not be recommended for the screening process in clin- ical practice, the combination of multiple RFs to enhance diagnostic accuracy is promising. Moreover, the identified RFs could be a baseline to develop a screening tool for patients with TLP. /C228IMPLICATIONS FOR REHABILITATION /C15 Differential diagnosis and screening for referral are mandatory skills for each healthcare professional in direct access clinical settings, and should be the primary step for an appropriate management of a patient with signs and symptoms mimicking serious pathologies in thoracolumbar region. /C15 Clinical reasoning and decision-making processes are essential throughout all phases of a patient ’s pathway of care. By which, the use of single Red Flag (RF)",title: The diagnostic value of Red Flags in thoracolumbar pain: a systematic review | author: Maselli F | year: 2022 | authority: Disability and Rehabilitation | doi: 10.1080/09638288.2020.1804626,corpus=red_flags;source_id=2;doc=2.pdf;chunk_index=4;chunk_method=pypdf
red_flags_2_0005,"as a self-contained screening tool should not be recommended. The combination of multiple RFs promises to increase diagnostic accuracy and could grow into an excellent screening tool for thoracolumbar pain. ARTICLE HISTORY Received 1 January 2020 Revised 28 July 2020 Accepted 29 July 2020 KEYWORDS Low back pain; chest pain; differential diagnosis; referral and consultation; Red Flag Introduction Rationale Low back pain (LBP) is a common condition worldwide and it is experienced by 50 –80% of adults during the lifetime [ 1,2]. In about 90% of cases, LBP is defined as non-specific due to the unrecognisable musculoskeletal causes [ 1,3]. Conversely, between 1 and 4% of cases, LBP is related to specific conditions such as fractures, malignancy, infections, or cauda equina syndrome (CES) [4]. Upper back pain (UBP) is defined as pain in the area of the spine above the base of the rib cage and below the neck, particu- larly, in the region of the thoracic spine, between the boundaries of T1 –T12 and across the posterior aspect of the trunk [ 5,6]. Given that the one-year prevalence for UBP ranges from 15 to 34.8% in CONTACT Filippo Maselli masellifilippo76@gmail.com Department of",title: The diagnostic value of Red Flags in thoracolumbar pain: a systematic review | author: Maselli F | year: 2022 | authority: Disability and Rehabilitation | doi: 10.1080/09638288.2020.1804626,corpus=red_flags;source_id=2;doc=2.pdf;chunk_index=5;chunk_method=pypdf
red_flags_2_0006,"Neurosciences, Rehabilitation, Ophthalmology, Genetic and Maternal Infantile Sciences (DINOGMI), University of Genoa – Campus of Savona, Savona, Italy /C3 These authors contributed equally to this work. Supplemental data for this article can be accessed here. /C2232020 Informa UK Limited, trading as Taylor & Francis Group DISABILITY AND REHABILITATION 2022, VOL. 44, NO. 8, 1190 –1206 https://doi.org/10.1080/09638288.2020.1804626",title: The diagnostic value of Red Flags in thoracolumbar pain: a systematic review | author: Maselli F | year: 2022 | authority: Disability and Rehabilitation | doi: 10.1080/09638288.2020.1804626,corpus=red_flags;source_id=2;doc=2.pdf;chunk_index=6;chunk_method=pypdf
red_flags_2_0007,"the adult population it is an ordinary presentation in direct access clinical settings [ 6]. Chest pain (CP) represents the second reason for access to the Emergency Department (ED) with a prevalence rate of 25% [ 7]. Although only in 20% of cases CP has a non-musculoskeletal cause, this condition continues to be a challenge for professionals; in fact, 50 –80% of patients are discharged from ED without clear diagnosis [ 7]. The most significant serious pathologies mimicking CP are pulmonary, cardiovascular, or gastrointestinal disorders and it would be estimated that less than 35% of subjects with CP need a healthcare intervention such as physiotherapy and rehabilitation [ 8]. Considered together, LBP, UBP, and CP represent the painful areas between the front trunk and the back (from chest to the back between T1 vertebra and the inferior gluteal fold) [ 9,10]. In the context of this systematic review, we refer to thoracolumbar pain (TLP) as pain experienced in the region of lumbar and sacral spine, including L1-S4 segments to the lower back down to the inferior gluteal fold, and thoracic spine between T1 and T12 and across the posterior aspect of the trunk. Furthermore, we included",title: The diagnostic value of Red Flags in thoracolumbar pain: a systematic review | author: Maselli F | year: 2022 | authority: Disability and Rehabilitation | doi: 10.1080/09638288.2020.1804626,corpus=red_flags;source_id=2;doc=2.pdf;chunk_index=7;chunk_method=pypdf
red_flags_2_0008,"the area of the chest wall, from breastbone to the costal region on the anterior aspect of the trunk. According to the definition, Red Flags (RFs) consist of signs and symptoms that are related to a serious underlying pathology, and may indicate more diagnostic testing is necessary before the appropriate care can be delivered [ 11,12] challenging and RFs may be detected by the healthcare professionals (i.e., physicians, nurses, physiotherapists, chiropractors, etc.). Four clinical guide- lines suggest taking a careful patient ’s history and physical exam- ination as the optimal approach aimed to recognise RFs [11,13–15]. For a long time, RFs were considered a reference point in direct access clinical settings, aimed to reduce the risk of a con- traindicated intervention and identify as soon as possible an appropriate treatment for the patient [ 11]. Over the last years, six systematic and narrative reviews concerning spinal pain were published proving that RFs have low diagnostic accuracy and sev- eral rates of false-positive, especially when used self-contained screening tool [ 12,14,16–19]. Nevertheless, the recently published positional statement by Finucane et al. has reported",title: The diagnostic value of Red Flags in thoracolumbar pain: a systematic review | author: Maselli F | year: 2022 | authority: Disability and Rehabilitation | doi: 10.1080/09638288.2020.1804626,corpus=red_flags;source_id=2;doc=2.pdf;chunk_index=8;chunk_method=pypdf
red_flags_2_0009,"that RFs remain the best tools at the clinician ’s disposal to raise suspicion of serious pathologies, and their combined use improves the diagnostic accuracy [ 20]. In current literature, there are no published systematic reviews concerning RFs for TLP. Conversely, six systematic reviews regard- ing vertebral fracture and/or malignancy namely for LBP have already been published [ 13,14,17,21–23], but the association with CP has not been proven and the included studies are mostly dated. Particularly, the RFs with the highest post-test probability to detect vertebral fracture are: older age; use of corticosteroids; major trauma; distracting painful injury; tenderness; female gen- der; and presence of contusion or abrasion [ 4,14,17,21 ,23]. Concerning malignancy, the most important RF is the previous history of cancer. Up to now, there are only narrative reviews regarding CP and the main RFs are: previous history of cardiovas- cular disorders, dyspnoea, pain radiating to upper limbs and cough [ 24–26]. Regarding the methodological quality of the current systematic and narrative reviews on TLP, only four systematic reviews [14,17,21,23] stated the establishment of the methods prior",title: The diagnostic value of Red Flags in thoracolumbar pain: a systematic review | author: Maselli F | year: 2022 | authority: Disability and Rehabilitation | doi: 10.1080/09638288.2020.1804626,corpus=red_flags;source_id=2;doc=2.pdf;chunk_index=9;chunk_method=pypdf
red_flags_2_0010,"to the commencement of the review and only three [ 13,17,21] used a comprehensive literature search strategy. In details, Downie and Williams et al. [ 17,21] thoroughly explained the selection of study designs for inclusion in the review and provided a list of excluded studies with reasons for the exclusion. In a low number of reviews, the data extraction process was performed by at least two authors and the majority of the studies did not use an adequate tool for quality assessment of the included primary studies. The study of Verhagen et al. [ 4] in 2016 compared the RFs included in the major international guidelines, observing that only three out of the 16 guidelines have any evidence to support RF screening. Most guidelines did not endorse the same set of RFs and most recommendations were not supported by reliable diagnostic accuracy data [ 4]. However, the use of RFs is still advo- cated [ 4,22,23]. Finally, the methodological quality of the studies concerning CP was generally low and based upon experts ’ opin- ion without references to any primary study [ 27]. According to recent literature [ 4,21–23,28], there is a strong need to investigate the most-commonly adopted RFs for",title: The diagnostic value of Red Flags in thoracolumbar pain: a systematic review | author: Maselli F | year: 2022 | authority: Disability and Rehabilitation | doi: 10.1080/09638288.2020.1804626,corpus=red_flags;source_id=2;doc=2.pdf;chunk_index=10;chunk_method=pypdf
red_flags_2_0011,"TLP and their diagnostic accuracy to improve the screening process of ser- ious pathologies by healthcare professionals in direct access clin- ical settings. Objectives of the study The aims of this systematic review are: (a) to identify; and (b) to evaluate the most important RFs to take into account during the assessment of patients with TLP by healthcare professionals in dir- ect access clinical settings. Materials and methods Protocol This systematic review was conducted according to the guidelines of the PRISMA statement [ 29]. The panel of the authors of this systematic review: (a) has extensive experience in performing sys- tematic reviews and (b) presented specific clinical expertise and training in the screening of patients with TLP. Overall, Cohen ’s Kappa ( K) was used to quantify the inter-rater agreement between the two authors (FM, MP) for full-text selection. Cohen ’s K was interpreted according to Altman ’s definition [ 30]: k < 2 poor, 0.2<k < 0.4 fair, 0.41 <k < 0.60 moderate, 0.61 <k < 0.80 good, 0.81<k < 1.00 excellent [ 31]. A confidence interval of 95% was cal- culated (95% CI). Disagreements were solved by a third reviewer (MT) not involved in the data",title: The diagnostic value of Red Flags in thoracolumbar pain: a systematic review | author: Maselli F | year: 2022 | authority: Disability and Rehabilitation | doi: 10.1080/09638288.2020.1804626,corpus=red_flags;source_id=2;doc=2.pdf;chunk_index=11;chunk_method=pypdf
red_flags_2_0012,"extraction process. Search strategy An electronic search was performed independently by two reviewers (FM and MP) under the supervision of a third author (MT) between September 2018 and June 2020 on Pubmed, Web of Science, Cochrane Library, Pedro, Scielo, CINAHL, and Google Scholar. The search strings were developed according to the PI(C)O model of clinical question (participants, interventions, and outcomes) [ 29]. To make the search strategies sensitive, we did not insert key words for comparisons. The PI(C)O model and the full search strategy for all databases are available in the Supplementary Materials (Supplementary Files 1 and 2 ). Where possible MeSH (Medical Subject Headings) terms were used and combined with Boolean operators (AND, OR, NOT). Additionally, we conducted a manual search of all bibliographies of the studies assessed for the subsequent full-text selection. In addition, grey literature was screened (i.e., thesis, conference reports, expert opinions, and books) via web. THE DIAGNOSTIC VALUE OF RED FLAGS 1191",title: The diagnostic value of Red Flags in thoracolumbar pain: a systematic review | author: Maselli F | year: 2022 | authority: Disability and Rehabilitation | doi: 10.1080/09638288.2020.1804626,corpus=red_flags;source_id=2;doc=2.pdf;chunk_index=12;chunk_method=pypdf
red_flags_2_0013,"Eligibility criteria To be eligible, full-texts had to be observational studies published in English or Italian language. Publication date was restricted from 01 January 1999 to nowadays. No age of participants restric- tions was applied. Study selection All titles and abstracts were screened independently by two reviewers (FM and MP) under the supervision of a third author (MT). All the studies investigating the identification and/or the evaluation of RFs or specific sign and symptoms of serious pathol- ogies in TLP patients were included. Where appropriate authors were contacted in order to obtain the full-text paper. Finally, full- texts were independently screened and assessed for eligibility by two reviewers (FM, MP). Inter-rater agreement Cohen’s Kappa ( K) was used to quantify the inter-rater agreement between two authors (FM, MP) for full-text selection, between three authors (FM, MP, and GR) for the data extraction and between four authors (FM, MP, VB, and LS) for the quality assess- ment. Cohen ’s K was interpreted according to Altman ’s definition [32]: k < 2 poor, 0.2 <k < 0.4 fair, 0.41 <k < 0.60 moderate, 0.61<k < 0.80 good, 0.81 <k < 1.00 excellent. Data extraction",title: The diagnostic value of Red Flags in thoracolumbar pain: a systematic review | author: Maselli F | year: 2022 | authority: Disability and Rehabilitation | doi: 10.1080/09638288.2020.1804626,corpus=red_flags;source_id=2;doc=2.pdf;chunk_index=13;chunk_method=pypdf
red_flags_2_0014,"Three authors (FM, MP, and GR) individually extracted data using a data extraction form developed in line with the PI(C)O model of the clinical question and adapted from the Cochrane Collaboration guidelines (Cochrane Handbook 5-1) [ 29,71]. Data extraction was organised as follows: (a) authors; (b) publication year; (c) study design; (d) study population; (e) study objectives; (f) RFs identified; and (g) diagnostic accuracy levels for each RF. All RFs for serious pathologies were identified and where possible diagnostic accuracy was analysed: positive likelihood ratio (LR þ); negative likelihood ratio (LR –); sensibility (Sn); and specificity (Sp). The LRs use the sensitivity and specificity of the test to determine whether a test result usefully changes the probability that a con- dition (such as a disease state) exists. Reference values for LR are reported in Supplementary Materials (Supplementary File 3 )[ 72]. The results were screened using the Ryyan software for the man- agement of systematic reviews [ 73]. Bibliography was handled using the Mendeley software [ 74]. The interpretation for LR data and the full-text exclusion with reason are reported in Supplementary Materials",title: The diagnostic value of Red Flags in thoracolumbar pain: a systematic review | author: Maselli F | year: 2022 | authority: Disability and Rehabilitation | doi: 10.1080/09638288.2020.1804626,corpus=red_flags;source_id=2;doc=2.pdf;chunk_index=14;chunk_method=pypdf
red_flags_2_0015,"(Supplementary Files 3 and 4 ). Quality assessment Four authors (FM, MP, VB, and LS) performed the quality assess- ment of the included studies using the Newcastle-Ottawa Quality Assessment for observational studies [ 75], in accordance with the recommendations reported in the Cochrane Collaboration guide- lines (Cochrane Handbook 5-1) [ 71]. Results Study selection The electronic database searches delivered 1840 results. Grey lit- erature provided additional 19 studies. After removal of 348 duplicates, we excluded 1459 records because they did not meet the inclusion criteria, leaving 52 studies eligible for full-text assessment. Twelve out of 52 records were excluded after full-text reading. In total, 40 observational studies were included [27,28,33–37,39,40,42–70,76]. The full search process is reported in Figure 1 . The agreement between the authors was good (Cohen ’s K: 0.790; 95% CI: 0.686 –0.893) for the screening process. Study characteristics Forty primary observational studies were included in this system- atic review [ 27,28,33,34,36,37,39,40,42–46,48–58,60–62,64–70,76]. Details of each paper are reported in Table 1 . The total number of patients recruited were 49 422,",title: The diagnostic value of Red Flags in thoracolumbar pain: a systematic review | author: Maselli F | year: 2022 | authority: Disability and Rehabilitation | doi: 10.1080/09638288.2020.1804626,corpus=red_flags;source_id=2;doc=2.pdf;chunk_index=15;chunk_method=pypdf
red_flags_2_0016,"ranging between 11 and 91 years of age, with an equal F/M ratio. Twenty- one studies concerned patients with LBP and thoracic pain [28,33,37–43,45,46,50,53,54,58,63,68,69] and 19 were focused on CP [ 27,34–36,40,47,48,50,53,55–57,59,61,62,64,65,67,70]; all patients were screened by a physician in a clinical setting or at the ED, through a physical assessment [ 40,44,50,51,65] or by a question- naire [27,28,41,45,49]. Risk of bias Most of the studies were judged as low risk of bias. The main methodological limitations concerned non-representative cohort of patients, uncomplete reporting of follow-up data, lack of statis- tics about lost to follow-up patients, set of RFs for identical path- ologies were differently analysed, differences in reference standards for RFs among studies. Only three studies [ 28,50,68] were judged as high methodological quality. Agreement between authors was good (Cohen ’s K: 0.777; 95% CI: 0.571 –0.983). Methodological quality assessment is reported in Table 2 . Synthesis of results The extraction process shows a substantial agreement between authors. Serious pathologies identified through the RFs screening as a cause of TLP were: vertebral fracture [",title: The diagnostic value of Red Flags in thoracolumbar pain: a systematic review | author: Maselli F | year: 2022 | authority: Disability and Rehabilitation | doi: 10.1080/09638288.2020.1804626,corpus=red_flags;source_id=2;doc=2.pdf;chunk_index=16;chunk_method=pypdf
red_flags_2_0017,"28,41,43,45,50–52,60, 63,68, 69]; malignancy [ 28,39–41,43,53,63,68,69] infection [ 28,38,46, 50,54,63,68]; CES [ 28,33,37,42,45,50,58,63,68]; cardiovascular disor- ders [ 27,34,35,47,48,56,59,61,62,65]; pulmonary disorders [ 36,40,57, 67,70]; gastroesophageal disorders [ 53,55,64]; and inflammatory disorders [ 50]. For each of these, we listed RFs and relative diag- nostic accuracy data in table form ( Tables 3 –7). Frequency of RFs among studies is reported in Figure 2 . Vertebral fracture Vertebral fracture represents the most frequently reported serious pathologies in LBP patients with a prevalence between 0.4% and 5.6 [ 28,50]. The most useful RFs to identify a vertebral fracture were: advanced age; history of trauma; midline tenderness; female gen- der; neurological signs; pain Numeric Rating Scale >7; prolonged use of corticosteroids; osteoporosis; osteoarthritis; and distracting painful injury [ 28,41,43,45,50–52,60,63,68,69]. In the physical examination, is it important to pay attention to: gait abnormal- ities; palpable midline step; bruising; positive percussion test; decrease in height and neurological signs [ 51,52,60]. Eight out of 12 studies (65%) identified history",title: The diagnostic value of Red Flags in thoracolumbar pain: a systematic review | author: Maselli F | year: 2022 | authority: Disability and Rehabilitation | doi: 10.1080/09638288.2020.1804626,corpus=red_flags;source_id=2;doc=2.pdf;chunk_index=17;chunk_method=pypdf
red_flags_2_0018,"of trauma, advanced age, prolonged corticosteroids use and female gender as key RFs for vertebral fractures [ 28,45,50,63]. Henschke et al. [50] investigated the combination of these four features obtaining 1192 F. MASELLI ET AL.",title: The diagnostic value of Red Flags in thoracolumbar pain: a systematic review | author: Maselli F | year: 2022 | authority: Disability and Rehabilitation | doi: 10.1080/09638288.2020.1804626,corpus=red_flags;source_id=2;doc=2.pdf;chunk_index=18;chunk_method=pypdf
red_flags_2_0019,"promising results with a post-test probability to detect fracture increased up to 52%: one positive RF (Sn: 88%/Sp: 50%/LR þ: 1.8); two positive RFs (Sn: 63%/Sp: 96%/LR þ: 15.5); three or more posi- tive RFs (Sn: 38%/Sp: 100%/LR þ: 218.3). Enthoven et al. [ 45] iden- tified a diagnostic prediction model combining multiple RFs: one positive RF (Sn 0.88; Sp 0.42; LR þ 1.5; LR – 0.3); two positive RFs (Sn 0.70; Sp 0.81; LR þ 3.6; LR – 0.4); /C21 3 positive RFs (Sn 0.30 ; Sp 0.95; LR þ 5.8; LR – 1.0). Even Roman et al. [ 60] combined three RFs, improving diagnostic accuracy data (Sn 76%; Sp 68%; LR þ 2.5; LR – 0.34). According to Premkumar et al. [ 28], increasing diag- nostic accuracy was achieved associating a history of recent trauma to age > 50 years (LR þ 2.54) or >70 years (LR þ 4.35), respectively, by 13.1% and 20.5%. Finally, higher reliability was observed when multiple RFs have been combined, but only five primary studies supported these data [ 28,45,50,60,68]. The overall diagnostic accuracy data are reported in Table 3 . Spinal malignancy The prevalence of malignancy in LBP ranged from 0.1% to 1.6% and the spine was the most common site for bony metastases, affecting up to",title: The diagnostic value of Red Flags in thoracolumbar pain: a systematic review | author: Maselli F | year: 2022 | authority: Disability and Rehabilitation | doi: 10.1080/09638288.2020.1804626,corpus=red_flags;source_id=2;doc=2.pdf;chunk_index=19;chunk_method=pypdf
red_flags_2_0020,"30 –70% of patients with cancer [ 39,50]. Early detection was the most important screening aimed to prevent the spread of any metastatic disease and development of further complications such as spinal cord compression [ 28,50]. The most reliable RFs to identify a malignancy were: previous history of cancer; older age; unexplained weight loss; absence of improvements in conservative treatments; positive clinical judgment; night pain and steady back pain unrelieved by rest. The previous history of cancer was the RF with highest diagnostic accuracy (LR þ 7.25) and carries a 10.6% probability of having a vertebral malignancy [ 28]. During the physical examination, absence of pain during any lumbar movements raises the prob- ability to rule-out malignancy (Sn 100%; LR – 0.01) [ 39]. Data of diagnostic accuracy are reported in six primary studies [28,39, 43,63,68,69], and the results are presented in Table 4 . According to Henschke et al. [ 50], the RFs with the highest num- ber of false positives ( >10%) were: unrestful sleep; insidious onset; and age <20 years or >55 years. Two studies identified night pain as a false-positive in almost 85% of subjects with malignancy, when no other RF",title: The diagnostic value of Red Flags in thoracolumbar pain: a systematic review | author: Maselli F | year: 2022 | authority: Disability and Rehabilitation | doi: 10.1080/09638288.2020.1804626,corpus=red_flags;source_id=2;doc=2.pdf;chunk_index=20;chunk_method=pypdf
red_flags_2_0021,"symptoms are present [ 28,49]. Premkumar et al. [ 28] evaluated the combination of multiple RFs which increased the probability of a serious pathology up to 14.3%. (LR þ 10.25), in case of personal history of malignancy and unexplained weight loss. Spinal infection Tuberculosis (TB) and Staphylococcus aureus represented the main source of spinal infection reported among the included studies. Early diagnosis is essential as the infection could hesitate to an extradural spinal abscess (ESA) with neurological signs and symp- toms [ 54]. Spinal infection occurs between 0.3% and 1.2% [ 28,50] and thoracolumbar joint is the most common vertebral sites affected (62 –65 %) [11,38]. Figure 1. Flowchart. THE DIAGNOSTIC VALUE OF RED FLAGS 1193",title: The diagnostic value of Red Flags in thoracolumbar pain: a systematic review | author: Maselli F | year: 2022 | authority: Disability and Rehabilitation | doi: 10.1080/09638288.2020.1804626,corpus=red_flags;source_id=2;doc=2.pdf;chunk_index=21;chunk_method=pypdf
red_flags_2_0022,"Table 1. Characteristics of the included papers. Author Objective Methods Results Ahad 2015 [ 33] To underline clinical signs could predict the presence of CES Retrospective study of 79 consecutive patients undergoing MRI of the spine RFs: decreased anal tone, faecal incontinence, urinary retention, bladder, incontinence, constipation, and saddle anaesthesia Albarran 2002 [ 34] To investigate whether there were differences in pain radiation between those with and without MI and according to gender Prospective study of 541 patients presenting with CP Radiation to neck, back, and upper limbs are common features in MI. women with MI described more radiation to the right arm, upper right region than those without MI Aydin 2019 [ 35] To create a chest pain score in determining whether or not the chest pain was related to ischaemic heart disease (IHD) Cross-sectional study of 484 patients presented to the cardiology clinics or ED complaining of CP Chest pain score (5 questions, overall score: 10) >4.5 showed Sn: 90%/Sp: 95.83%/AUC: 0.967 to screen IHD Bernard Bagattini 2004 [ 36] To evaluate clinical characteristics that allow to predicting alternative diagnoses other than PE by ruling",title: The diagnostic value of Red Flags in thoracolumbar pain: a systematic review | author: Maselli F | year: 2022 | authority: Disability and Rehabilitation | doi: 10.1080/09638288.2020.1804626,corpus=red_flags;source_id=2;doc=2.pdf;chunk_index=22;chunk_method=pypdf
red_flags_2_0023,"out venous thromboembolism Retrospective study of 1090 consecutive patients admitted for clinically suspected of PE RFs: tachycardia, recent immobilisation, dyspnoea, age > 40, and haemoptysis Balasubramanian 2010 [ 37] To evaluate the efficacy of clinical assessment in the diagnosis of CES Retrospective cohort study of 80 patients who presented with clinical features of CES Saddle anaesthesia is the only clinical feature with a statistically significant association with MRI positive CES. Other RFs: unilateral or bilateral leg pain, bladder or bowel dysfunction Body 2010 [ 27] To assess the value of individual historical and examination findings for diagnosing AMI and other cardiac events Prospective observational study of 796 ED patients with CP RFs for AMI: pain radiating to the right arm or both arms, vomiting, central CP, and sweating. The presence of rest pain or pain radiating to the left arm did not significantly modify the probability of AMI Broderick 2018 [ 38] To determine the demographics, presentation and investigation of patients with a TB infection Retrospective observational study of 31 patients with positive TB cultures Main RFs: pain and swelling. Fever, sweats,",title: The diagnostic value of Red Flags in thoracolumbar pain: a systematic review | author: Maselli F | year: 2022 | authority: Disability and Rehabilitation | doi: 10.1080/09638288.2020.1804626,corpus=red_flags;source_id=2;doc=2.pdf;chunk_index=23;chunk_method=pypdf
red_flags_2_0024,"and weight loss are uncommon Cook 2011 [ 39] To investigate the diagnostic accuracy of lumbar movement restrictions and pain in patients with metastatic bone cancer Retrospective cohort study of 1109 patients with LBP Pain-free lumbar movements rule-out malignancy: Sn 55%, Sp 59% LR þ 1.3, LR – 0.8 Courtney 2010 [ 40] To measure the predictive value of variables for pulmonary embolism Prospective observational study of 7940 patients with pulmonary embolism RFs: patient history of pulmonary embolism or deep venous thrombosis or thrombophilia, unilateral leg swelling, recent surgery, oestrogen use, hypoxemia, active cancer, pleuritic or substernal CP, female gender and oxygen saturation less than 95% de Schepper 2015 [ 41] To investigate the prevalence of spinal pathology Cross-sectional, cohort study of 2975 patients presenting for an MRI lumbar examination RFs for vertebral fracture are: age > 70 years, history of trauma, and female gender. The RFs for malignancy are: age at onset over 50 years, continuous back pain, back pain at night, history of malignancy, unexplained weight loss Domen 2009 [ 42] To overlooking a potential diagnosis of CES Retrospectively studied 58 consecutive",title: The diagnostic value of Red Flags in thoracolumbar pain: a systematic review | author: Maselli F | year: 2022 | authority: Disability and Rehabilitation | doi: 10.1080/09638288.2020.1804626,corpus=red_flags;source_id=2;doc=2.pdf;chunk_index=24;chunk_method=pypdf
red_flags_2_0025,"cases of suspected CES RFs: bilateral sciatica, subjective urinary retention, or rectal incontinence symptoms Donner-Banzhoff 2006 [ 43] To evaluate the diagnostic validity of a simple heuristic based on the patient’s view of the familiarity of LBP Cross-sectional diagnostic study of 1378 patients presenting with LBP Diagnostic validity of a simple heuristic based on patient’s view is Sn: 50%; Sp: 83%; LR þ 2.95; LR– 0.6 Dugas 2011 [ 44] To evaluate the presenting signs and symptoms of SCC and CES and to determine the incidence of Emergency Department (ED) misdiagnosis Retrospective study of 1231 patients who had visited the ED for a related complaint The main RFs are: pain, difficulty ambulating, weakness, motor, or sensory deficits Enthoven 2016 [ 45] To identify the prevalence of back pain and to assess associations between RF and vertebral fractures Prospective cohort study of 669 patients with back pain RFs for vertebral fracture: age > 70 years, female gender, corticosteroids use, history of trauma, reduction in height, positive percussion test, great disability, painful injury, NRS > 7/10, hip or knee osteoarthritis, and CP Everden 2018 [ 46] To reviewed the epidemiology,",title: The diagnostic value of Red Flags in thoracolumbar pain: a systematic review | author: Maselli F | year: 2022 | authority: Disability and Rehabilitation | doi: 10.1080/09638288.2020.1804626,corpus=red_flags;source_id=2;doc=2.pdf;chunk_index=25;chunk_method=pypdf
red_flags_2_0026,"management and outcome of all cases of bone and joint TB (BJTB) Retrospective study of 21 cases of BJTB Thoracic and lumbar spine are the most common sites affected (62 %). RFs: localised pain, fever, and weight loss Gesuete 2020 [ 47] To evaluate the risk of recurrence, ED re-admissions, level of impairment, and school absenteeism in pediatric patients with CP Retrospective observational study of 761 patients presented to the pediatric ED with CP RF: fever; history of cardiac disease; school absenteeism; exertional pain Goodacre 2002 [ 48] To measure the predictive value and diagnostic performance of clinical features used to diagnose coronary syndromes Prospective, observational cohort study of 893 patients presenting at the ED with acute CP RFs for AMI: pain radiating to shoulders or both arms; exertional pain; absence of chest wall tenderness. RFs for ACS: pain radiating to shoulders, left arms or both arms; exertional pain Harding 2005 [ 49] To assess the importance of the symptom of night pain Prospective longitudinal study of 482 patients attending a back pain triage clinic with night pain A total of 213 (44%) patients had night pain, with 90 having pain every night. No",title: The diagnostic value of Red Flags in thoracolumbar pain: a systematic review | author: Maselli F | year: 2022 | authority: Disability and Rehabilitation | doi: 10.1080/09638288.2020.1804626,corpus=red_flags;source_id=2;doc=2.pdf;chunk_index=26;chunk_method=pypdf
red_flags_2_0027,serious pathology was identified. The presence of night is not a specific sign to detect serious pathologies (continued) 1194 F. MASELLI ET AL.,title: The diagnostic value of Red Flags in thoracolumbar pain: a systematic review | author: Maselli F | year: 2022 | authority: Disability and Rehabilitation | doi: 10.1080/09638288.2020.1804626,corpus=red_flags;source_id=2;doc=2.pdf;chunk_index=27;chunk_method=pypdf
red_flags_2_0028,"Table 1. Continued. Author Objective Methods Results Henschke 2009 [ 50] To determine the prevalence of serious pathology in patients with acute LBP, and to evaluate their diagnostic accuracy Cohort study of 1172 consecutive patients receiving primary care for acute LBP Only 3 of the red flags for fracture were informative: corticosteroids use, major trauma, and age > 70 years. Clinical judgement had a very good Sp. The combination of multiple RFs increase the diagnostic accuracy Holmes 2003 [ 51] To analyse if clinical screening criteria can identify all patients with TL spine injuries Prospective, observational cohort study of 2404 patients undergoing TL spine radiographs following blunt trauma RFs: complaints of TL spine pain; TL spine tenderness on midline palpation; decreased level of consciousness; abnormal peripheral neurologic examination; distracting painful injury; evidence of intoxication with ethanol or drugs Hsu 2003 [ 52] To determine a clinical diagnostic pathway for the imaging of the thoracolumbar (TL) spine Retrospective study of 200 traumatic patients RFs for TL fracture are: back pain/midline, palpable midline step, back bruising, abnormal neurological signs,",title: The diagnostic value of Red Flags in thoracolumbar pain: a systematic review | author: Maselli F | year: 2022 | authority: Disability and Rehabilitation | doi: 10.1080/09638288.2020.1804626,corpus=red_flags;source_id=2;doc=2.pdf;chunk_index=28;chunk_method=pypdf
red_flags_2_0029,"and history of trauma Karlaftis 2013 [ 53] To determine clinical characteristics that could identify GERD in patients with NCCP Observational study of 52 patients with NCCP RFs: typical reflux symptoms, postprandial CP, and use of anti-reflux drugs for pain relief Kempthorne 2009 [ 54] To define the presentation, findings and prognosis of extradural spinal abscesses (ESA) Retrospective study of 42 patients diagnosed with ESA RFs: severe back pain, not relieved by rest or sleep, patient’s clinical history, and examination findings (nature and duration of their back pain) Ko 2012 [ 55] To examine GERD in young patients with NCCP and to evaluate their symptomatic characteristics Observational study of 118 patients with NCCP RFs: heartburn and acid regurgitation. In young NCCP patients, the prevalence of GERD was relatively low compared to average-aged Milner 2002 [ 56] To evaluate typical and atypical symptoms to detect ACS Observational study of 246 women and 276 men seen in the ED with symptoms suggestive of ACS RFs: CP, discomfort, dyspnoea, diaphoresis, upper limbs pain, diaphoresis (women), dizziness, or faintness (men) Premkumar 2018 [ 28] To examine the effectiveness of RF",title: The diagnostic value of Red Flags in thoracolumbar pain: a systematic review | author: Maselli F | year: 2022 | authority: Disability and Rehabilitation | doi: 10.1080/09638288.2020.1804626,corpus=red_flags;source_id=2;doc=2.pdf;chunk_index=29;chunk_method=pypdf
red_flags_2_0030,"questions as a screening tool Retrospective observational study of 9940 patients with LBP RFs for vertebral fracture: age > 50/70 years, history of recent trauma; RF for malignancy: unexplained weight loss, history of cancer. RFs for infection: fever, chills and sweating, recent infection. RFs for CES: loss of bladder or bowel control. The combination of multiple RFs increase the diagnostic accuracy data Punukollu 2005 [ 57] To evaluate the clinical characteristics and outcome of acute PE in elderly patients Observational study of 136 patients with a confirmed diagnosis of acute PE RFs: shortness of breath, pleuritic CP, syncope, active cancer, immobilisation, and tachycardia Raison 2014 [ 58] To assess the effectiveness of RF used in the ED to identify spinal cord compression and CES Retrospective cohort study of 206 patients with back pain attending the ED RFs: saddle anaesthesia and bladder or bowel dysfunction. The combination of the RFs increase the diagnostic accuracy Reuter 2019 [ 59] To screen for ACS in male and female with CP Prospective cohort study of 3727 patients whom called the Emergency Medical Communication Center (EMCC) because of non- traumatic CP ACS diagnosed",title: The diagnostic value of Red Flags in thoracolumbar pain: a systematic review | author: Maselli F | year: 2022 | authority: Disability and Rehabilitation | doi: 10.1080/09638288.2020.1804626,corpus=red_flags;source_id=2;doc=2.pdf;chunk_index=30;chunk_method=pypdf
red_flags_2_0031,"in 647 patients (33%). RF in male population: age, tobacco use, severe and permanent pain; retrosternal, breathing non- related and radiating pain; and additional symptoms (AUC: 0.76) RF in female: age /C21 60 years, personal history of coronary artery disease, and breathing non-related and radiating pain (AUC: 0.79). Only the accuracy of the male model was validated in a validation dataset Roman 2010 [ 60] To identify clinical characteristics associated with a diagnosis of osteoporotic vertebral compression fracture (OVCF) Retrospective, cross-sectional study of 1448 consecutive patients seen at a spine surgery centre RFs for OVCF: age > 52 years; BMI < 22; female gender; no gait abnormality; does not exercise regularly; sitting decreases pain; concomitant osteoarthritis; no leg or buttock pain. Combining more RFs there is a better diagnostic accuracy with a post-test probability increasing up to 20.4% S/C19anchez 2007 [ 61] To establish a triage flowchart to rule out ACS Prospective observational study of 1000 consecutive patients with CP on an ED Predictor variables of not having an ACS: age < 40 years, absence of diabetes, no previously known coronary artery disease, no",title: The diagnostic value of Red Flags in thoracolumbar pain: a systematic review | author: Maselli F | year: 2022 | authority: Disability and Rehabilitation | doi: 10.1080/09638288.2020.1804626,corpus=red_flags;source_id=2;doc=2.pdf;chunk_index=31;chunk_method=pypdf
red_flags_2_0032,"oppressive pain, and no retrosternal pain Schillinger 2004 [ 62] To investigate the predictive value of MI atypical characteristics for the exclusion of acute or subacute coronary events Prospective study of 1288 consecutive patients presenting with acute CP at a non-trauma ED RFs: left-sided or substernal chest pain defined as squeezing or crushing, burning; radiation of CP to the left or both arms, neck, or back; exercise- induced , undulating, relieved with rest or nitroglycerine; dyspnoea, nausea; diaphoresis; personal or family history of cardiac disorders; smoking ; obesity; hypertension; diabetes; hyperlipidaemia Shaw 2020 [ 63] To determine the frequency of RF in patients with serious pathologies Retrospective observational study of 1000 patients with back pain to the ED RF with LR þ >5 for spinal/non spinal pathologies: fever; tuberculosis history; known nephrolithiasis/ abdominal aortic aneurysm; unexplained weight loss; writhing pain; urinary symptoms; flank pain. RF with LR þ >5 for spinal pathologies: saddle anaesthesia; tuberculosis history; intravenous drug use; acute onset urinary retention; anal tone loss Park 2015 [ 64] RFs: obesity, smoking, and diabetes",title: The diagnostic value of Red Flags in thoracolumbar pain: a systematic review | author: Maselli F | year: 2022 | authority: Disability and Rehabilitation | doi: 10.1080/09638288.2020.1804626,corpus=red_flags;source_id=2;doc=2.pdf;chunk_index=32;chunk_method=pypdf
red_flags_2_0033,"The main RFs valuable to detect an infection were: fever; sweating; chills; recent infection; night pain; unexplainable weight loss; neurological signs; and constant pain not relieved by rest. Six out of eight studies (75%) reported the presence of fever as the most important RF, showing a good Sp (97 –99%) [ 28,68]. Diagnostic accuracy was evaluated in four papers [ 28,63,68,69] and data are presented in Table 5 . According to Premkumar et al. [28], a recent history of infection determines a 10.2% probability of having a spinal infection (LR þ 9.31); the presence of weight loss would increase the probability of 3%; and the history of fever, chills or sweating, if present alone, would lead to an increase of 2%. The same authors [ 28] assessed that combination of fever, chills, and sweating, associated with a recent infection, increases the probability to detect spinal infection (LR þ 13.15/LR– 0.93), with post-test probability of 13.8%. Night-awaking caused by pain is a false-positive in more than 96% of cases, when no other RFs are present [ 28]. Henschke et al. [ 50] highlighted that many RFs have a false- positive prevalence up to 10% such as: systemically unwell; constant pain;",title: The diagnostic value of Red Flags in thoracolumbar pain: a systematic review | author: Maselli F | year: 2022 | authority: Disability and Rehabilitation | doi: 10.1080/09638288.2020.1804626,corpus=red_flags;source_id=2;doc=2.pdf;chunk_index=33;chunk_method=pypdf
red_flags_2_0034,"neurological signs; and recent infection. Cauda equina syndrome CES, along with fractures, malignancy, and infections, is consid- ered the most frequent serious pathology of TLP, with a preva- lence lower than 1% [ 28,50]. The most helpful RFs to recognise CES were: bladder or bowel dysfunction; neurological signs; sad- dle anaesthesia and loss of anal sphincter tone. The associated presence of bladder or bowel dysfunction was underpinned by 100% of the studies increasing the probability of CES by 1.2% (Sn 8.3%; Sp 97.2%; LR þ 3.0; LR – 0.94) [ 28]. Raison and coworkers [ 58] reported as main RFs saddle anaesthesia and bladder/bowel dysfunction. Also they observed that combination of three RFs determines an improvement of the diagnostic accur- acy (LR þ 3.46/Sn: 0.27/Sp: 0.92). Tsiang et al. [ 68] analysed dysre- gulation of bladder or bowel, identifying an Sn of 50% and a Sp of 86.5%. The diagnostic accuracy is reported in five papers [28,58,63,68,69] and presented in Table 6 . Cardiovascular disorders Patients with CP can reach more than 5% of ED visits and early identification is essential to avoid life-threatening disorders such as acute coronary syndrome and acute myocardial",title: The diagnostic value of Red Flags in thoracolumbar pain: a systematic review | author: Maselli F | year: 2022 | authority: Disability and Rehabilitation | doi: 10.1080/09638288.2020.1804626,corpus=red_flags;source_id=2;doc=2.pdf;chunk_index=34;chunk_method=pypdf
red_flags_2_0035,"ischemia [ 61]. The main RFs useful to identify cardiovascular disorders were: exertional pain; personal or family history of cardiac diseases; dia- phoresis; dyspnoea; sweating; hypotension; pain radiating to upper limbs, neck, or back, and CP described as squeezing, burn- ing, oppressive, crashing, severe, permanent, or retrosternal. The main RF is the radiated pain to upper limbs which were included by 100% of the studies, showing high potential to detect a ser- ious heart disorder. Only three papers [ 27,48,62] included diag- nostic accuracy data, and the latter are reported in Table 7 . Schillinger et al. [ 62] evaluated the combination of multiple RFs on increasing the probability to identify cardiovascular disorders, but their diagnostic accuracy data were weak (LR þ 1.15–1.85; LR – 1.05–3.0). Evaluating associated symptoms, type, duration, onset, and localisation of pain, Aydin et al. [ 35] created a CP score in order to determine whether or not the pain was caused by ischaemic heart disease. An overall score > 4.5/8 showed good diagnostic accuracy data (Sn: 90%/Sp: 95.83%). Table 1. Continued. Author Objective Methods Results To evaluate the risk factors and prevalence of",title: The diagnostic value of Red Flags in thoracolumbar pain: a systematic review | author: Maselli F | year: 2022 | authority: Disability and Rehabilitation | doi: 10.1080/09638288.2020.1804626,corpus=red_flags;source_id=2;doc=2.pdf;chunk_index=35;chunk_method=pypdf
red_flags_2_0036,"gastroesophageal reflux diseases (GERD) in NNCP Retrospective non-interventional observational study of 904 consecutive patients with NCCP Svensson 2003 [ 65] To evaluate factors which predict the development of ACS or AMI Prospective observational study of 538 patients who called for an ambulance due to CP and suspected ACS RFs: history of myocardial infarction or angina pectoris or hypertension ECG changes and the elevation of serum markers (CKMB) Thirugana- sambanda- moorthy 2014 [ 66] To identify risk factors associated with serious pathology Observational study of 329 patients with nontraumatic LBP RFs: anticoagulant use, decreased sensation on physical examination, pain that is worse at night and pain that persists despite appropriate treatment Timmons 2003 [ 67] To compare the clinical presentation of younger and older patients with acute pulmonary embolism Retrospective study of 60 consecutive patients with PE RFs: collapse, dyspnoea, cough, haemoptysis, palpitations, hypotension, tachycardia, tachypnoea, fever, cyanosis, abnormal lower limb examination, and pleural rub Tsiang 2019 [ 68] To quantify the sensitivity and specificity of patient-reported RF Retrospective",title: The diagnostic value of Red Flags in thoracolumbar pain: a systematic review | author: Maselli F | year: 2022 | authority: Disability and Rehabilitation | doi: 10.1080/09638288.2020.1804626,corpus=red_flags;source_id=2;doc=2.pdf;chunk_index=36;chunk_method=pypdf
red_flags_2_0037,"case-control study of 500 patients with LBP Patient-reported RFs malignancy: history of cancer; fracture: corticosteroids use, history of trauma; infection: fever; for CES: bladder or bowel dysfunction. Provider-reported red flags. Malignancy: history of cancer; fracture: osteoporosis and history of trauma; infection: fever; CES: bladder dysfunction and lower limbs weakness. Van den Bosch 2004 [ 69] To evaluate the prevalence of abnormalities findings on radiographic by age Retrospective study of 2007 radiographic reports of patients referred with low back pain for lumbar spine radiography The prevalence of reported degenerative changes in case of fracture, malignancy, and infection increased with age in patients > 55 years and older (62%) Wells 2000 [ 70] To determine a scoring system, that combined with D-dimer results, exclude PE Prospective cohort study of 1211 patients RFs: symptoms of DVT, no alternate diagnosis more likely than PE, heart rate > 100 beats per minute, immobilisation or surgery in past 4 weeks, previous objectively diagnosed DVT or PE, haemoptysis and malignancy LRþ: likelihood ratio positive; LR –: likelihood ratio negative; Sn: sensitivity; Sp: specificity;",title: The diagnostic value of Red Flags in thoracolumbar pain: a systematic review | author: Maselli F | year: 2022 | authority: Disability and Rehabilitation | doi: 10.1080/09638288.2020.1804626,corpus=red_flags;source_id=2;doc=2.pdf;chunk_index=37;chunk_method=pypdf
red_flags_2_0038,RFs: Red Flags; LBP: low back pain; CP: chest pain; TLP: thoracolumbar pain; ED: Emergency Department; CES: Cauda Equina Syndrome; NRS: Numeric Rating Scale; BMI: body mass index; AMI: acute myocardial infarction; ACS: acute cor- onary syndrome; NCCP: non cardiac chest pain; GERD: gastroesophageal reflux diseases; PE: pulmonary embolism. 1196 F. MASELLI ET AL.,title: The diagnostic value of Red Flags in thoracolumbar pain: a systematic review | author: Maselli F | year: 2022 | authority: Disability and Rehabilitation | doi: 10.1080/09638288.2020.1804626,corpus=red_flags;source_id=2;doc=2.pdf;chunk_index=38;chunk_method=pypdf
red_flags_2_0039,"Pulmonary disorders Pulmonary disorders had a prevalence of 10% of CP representing the most frequent and potentially life-threatening diseases. Notably, pulmonary embolism (PE) and deep venous thrombosis remain a diagnostic challenge due to low sensitivity and specifi- city of their signs and symptoms [ 36]. The main RFs able to recognise pulmonary disorders were: his- tory of pulmonary pathologies; recent surgery or immobilisation; active cancer; female gender; haemoptysis; cough; syncope; dys- pnoea; tachycardia; leg swelling; oxygen saturation less than 95%; palpitations; fever; tachypnoea; cyanosis; abnormal lower limb examination; shortness of breath; age >40; pleural rub; hypox- emia; and pleuritic or substernal CP. Patients reported CP (72%) and dyspnoea (70%) as the most common presenting symptoms [40]. Only Wells et al. [ 70] evaluated the diagnostic accuracy data, elaborating a scoring system to detect PE: the combination of multiple RFs show an LR þ value between 0.13 and 6.75. Gastroesophageal disorders Non-cardiac chest pain (NCCP) is defined as a recurrent retro- sternal angina-like pain in patients with normal cardiac evalua- tions with a prevalence between 25% and",title: The diagnostic value of Red Flags in thoracolumbar pain: a systematic review | author: Maselli F | year: 2022 | authority: Disability and Rehabilitation | doi: 10.1080/09638288.2020.1804626,corpus=red_flags;source_id=2;doc=2.pdf;chunk_index=39;chunk_method=pypdf
red_flags_2_0040,"35% [ 64]. Gastroesophageal disorders are the most common causes of NCCP, followed by chest wall syndromes and psychosomatic dis- orders [ 55]. It is a benign condition without an impact on mortal- ity, though it decreases quality of life. Therefore, screening for the referral process may be required [ 53]. The most common patholo- gies are gastroesophageal reflux diseases, peptic ulcers diseases, and gastritis [ 64]. The main RFs suitable to identify gastroesophageal disorders were: typical reflux symptoms; postprandial CP; use of anti-reflux drugs for pain relief; obesity; smoking; diabetes; heartburn; and acid regurgitation. None study evaluated the diagnostic accuracy data or the combination of multiple RFs. Inflammatory disorders Only Henschke et al. [ 50] analysed inflammatory disorders as a cause of CP, which has a prevalence of 0.2% (0.1 –0.6). The RFs iden- tified by the authors were: gradual onset before age 40 years; tired sleep without relief; insidious onset; systemically unwell; constant, progressive, nonmechanical pain; morning back stiffness lasting >30 min; peripheral joint involvement; persisting limitation of spinal movements in all directions; iritis; skin",title: The diagnostic value of Red Flags in thoracolumbar pain: a systematic review | author: Maselli F | year: 2022 | authority: Disability and Rehabilitation | doi: 10.1080/09638288.2020.1804626,corpus=red_flags;source_id=2;doc=2.pdf;chunk_index=40;chunk_method=pypdf
red_flags_2_0041,rashes (psoriasis); colitis; urethral discharge; family history of arthritis or osteoporosis; pain Table 2. Risk of bias of the included studies. Included studies Selection Comparability Outcome Total score (out of 9) Ahad 2015 [ 33]3 1 3 7 Albarran 2002 [ 34]3 1 2 6 Aydin 2019 [ 35]3 2 3 8 Bernard Bagattini 2004 [ 36]3 2 2 7 Balasubramanian 2010 [ 37]3 1 2 6 Body 2010 [ 27]3 2 3 8 Broderick 2018 [ 38]2 2 3 7 Cook 2011 [ 39]3 1 2 6 Courtney 2010 [ 40]3 2 1 6 de Schepper 2015 [ 41]3 2 2 7 Domen 2009 [ 42]2 2 2 6 Donner-Banzhoff 2006 [ 43]3 2 3 8 Dugas 2011 [ 44]3 2 2 7 Enthoven 2016 [ 45]3 2 3 8 Everden 2018 [ 46]2 2 3 7 Gesuete 2020 [ 47]3 2 3 8 Goodacre 2002 [ 48]2 1 3 6 Harding 2005 [ 49]3 1 3 7 Henschke 2009 [ 50]4 2 3 9 Holmes 2003 [ 51]3 1 1 5 Hsu 2003 [ 52]2 2 1 5 Karlaftis 2013 [ 53]2 2 1 5 Kempthorne 2009 [ 54]3 1 2 6 Ko 2012 [ 55]2 2 1 5 Milner 2002 [ 56]2 1 2 5 Park SH 2015 [ 64]3 2 3 8 Premkumar 2018 [ 28]4 2 3 9 Punukollu 2005 [ 57]2 1 2 5 Raison 2014 [ 58]3 2 2 7 Reuter 2019 [ 59]3 2 2 7 Roman 2010 [ 60]3 2 2 7 Sanchez 2007 [ 61]3 2 2 7 Schillinger 2004 [ 62]3 2 2 7 Shaw 2020 [ 63]4 2 3 9 Svensson 2003 [ 65]2 1 1 4 Thiruganasambandamoorthy 2014 [ 66]3 2 2 7 Timmons,title: The diagnostic value of Red Flags in thoracolumbar pain: a systematic review | author: Maselli F | year: 2022 | authority: Disability and Rehabilitation | doi: 10.1080/09638288.2020.1804626,corpus=red_flags;source_id=2;doc=2.pdf;chunk_index=41;chunk_method=pypdf
red_flags_2_0042,2003 [ 67]3 1 2 6 Tsiang 2019 [ 68]4 2 2 8 Van den Bosch 2004 [ 69]3 1 1 5 Wells 2000 [ 70]3 2 1 6 Newcastle-Ottawa Quality Assessment for observational studies: good quality: 3 or 4 points in selection domain AND 1 or 2 points in comparability dom ain AND 2 or 3 points in outcome/exposure domain; fair quality: 2 stars in selection domain AND 1 or 2 points in comparability domain AND 2 or 3 points in outcome/e xpos- ure domain; poor quality: 0 or 1 point in selection domain OR 0 point in comparability domain OR 0 or 1 point in outcome/exposure domain. Shades are representing the score of application of risk of bias for each study. THE DIAGNOSTIC VALUE OF RED FLAGS 1197,title: The diagnostic value of Red Flags in thoracolumbar pain: a systematic review | author: Maselli F | year: 2022 | authority: Disability and Rehabilitation | doi: 10.1080/09638288.2020.1804626,corpus=red_flags;source_id=2;doc=2.pdf;chunk_index=42;chunk_method=pypdf
red_flags_2_0043,"improvement with exercise; and clinically diagnosed inflammatory disorders. No diagnostic accuracy data were provided and many RFs have a false-positive prevalence rate higher than 10% such as tired sleep without relief; insidious onset; morning back stiffness lasting >30 min; family history of arthritis or osteoporosis; and pain improvement with exercise. Serious spinal pathologies Shaw et al. [ 63] evaluated the prevalence of RFs in patients pre- senting to the ED with self-reported back pain. The RFs screening has been performed to identify an increased risk of serious spinal conditions not related to a musculoskeletal cause. They found 39 RFs, of which only 36 had a complete reporting of Sn and Sp val- ues. For the complete list of them, see Table 8 . Discussion Summary of evidence To the best of the authors ’ knowledge, this is the first systematic review concerning RF aimed to guide healthcare professionals during the evaluation of patients with TLP. In this regard, it repre- sents a new perspective due to (a) the absence of systematic reviews related to CP or LBP and the concurrent presence of ser- ious pathologies, with the exception of fracture, malignancy and CES [",title: The diagnostic value of Red Flags in thoracolumbar pain: a systematic review | author: Maselli F | year: 2022 | authority: Disability and Rehabilitation | doi: 10.1080/09638288.2020.1804626,corpus=red_flags;source_id=2;doc=2.pdf;chunk_index=43;chunk_method=pypdf
red_flags_2_0044,"13,14,17,21–23,77]; and (b) the authors ’ proposal of TLP as a new label for such patients. Our systematic review provides the first list of RFs with highly reliable Sn and Sp values ( Table 9 )[ 78], useful for the screening of patients with TLP presenting with non-musculoskeletal signs and symptoms related to cardiovascular, pulmonary or gastroesophageal disorders [ 27,28,33–37,39,40,42–62,64–70,76]. In case of the latter, the assessment of the patients remains a challenge for healthcare professionals even due to the high risk of misdiagnosis [ 62]a n dt h e paucity of primary studies on the topic. The sparse evidence on the screening process is related to only four published papers [27,48,62,70] which evaluated the diagnostic accuracy data of RFs. Useful screening tools should provide high values LR – and Sn (e.g., LR – <1.0 and Sn >85%), nevertheless in agreement with Premkumar et al. [ 28] almost no RF has an Sn greater than 75% and most of them have values below 60% [ 28]. According to the results emerged from our findings, only the 45% ( n: 18/40) of the included studies evaluated the diagnostic accuracy of the identi- fied RFs. Also, at least one RFs were found in the",title: The diagnostic value of Red Flags in thoracolumbar pain: a systematic review | author: Maselli F | year: 2022 | authority: Disability and Rehabilitation | doi: 10.1080/09638288.2020.1804626,corpus=red_flags;source_id=2;doc=2.pdf;chunk_index=44;chunk_method=pypdf
red_flags_2_0045,"majority of patients without serious pathology, showing a very high false- positive rate [ 50]. To increase the diagnostic accuracy levels of RFs, it is recommended to combine them during the assessment process, in order to help the healthcare professionals to screen specific pathologies [ 28,50,55]. However, this strategy was found to be applied only in 12 out of 40 (about the 30%) of the included studies, which investigated different sets of RFs for the same pathologies. The most frequent life-threatening pathologies were cardiovas- cular disorders and three of the included studies [ 27 ,48,62] identi- fied a total of eight RFs, with poor diagnostic accuracy throughout the assessment process of such conditions. Radiated pain to the upper limbs, exertional and retrosternal pain were the most frequent and showed a good probability to rule-in a serious heart disorder [ 27,48]. However, the higher value of Sn was 55.6%, with an average below 30% [ 27,48]. Particularly, Aydin et al. [ 35] have created a score to examine the relationship between CP and ischaemic heart disease, that demonstrated good Table 3. Fracture and diagnostic accuracy. Author Red Flag Sn Sp LR þ LR– Enthoven 2016",title: The diagnostic value of Red Flags in thoracolumbar pain: a systematic review | author: Maselli F | year: 2022 | authority: Disability and Rehabilitation | doi: 10.1080/09638288.2020.1804626,corpus=red_flags;source_id=2;doc=2.pdf;chunk_index=45;chunk_method=pypdf
red_flags_2_0046,[ 45] Age > 75 45% (0.28 –0.62) 85% (0.82 –0.88) 3.1 (2.0 –4.7) 0.6 (0.5 –0.9) Enthoven 2016 [ 45] Female gender 67% (51 –83%) 41% (37 –44%) 1.1 (0.9 –1.4) 0.8 (0.5 –1.3) Enthoven 2016 [ 45] Osteoarthritis 16% (03 –28%) 69% (65 –72%) 0.50 (0.2 –1.1) 1.2 (1.0 –1.4) Enthoven 2016 [ 45] Corticosteroids use 18% (05 –31%) 93% (91 –95%) 2.5 (1.1 –5.3) 0.90 (0.8 –1.0) Enthoven 2016 [ 45] History of trauma 21% (07 –35%) 97% (95 –98%) 6.2 (2.8 –13.5) 0.80 (0.5 –1.3) Enthoven 2016 [ 45] Sudden decrease in height 9% (01 –19%) 97% (95 –98%) 2.9 (0.9 –9.4) 0.90 (0.8 –1.0) Enthoven 2016 [ 45] Percussion tenderness of the spine 21% (07 –35%) 81% (78 –84%) 1.1 (0.6 –2.2) 1.0 (0.8 –1.2) Enthoven 2016 [ 45] Severe disability 30% (14 –46%) 87% (84 –90%) 2.3 (1.3 –4.2) 0.8 (0.6 –1.0) Enthoven 2016 [ 45] Numeric Rating Scale > 7 67% (51 –83%) 63% (59 –67%) 1.8 (1.4 –2.3) 0.50 (0.3 –0.9) Enthoven 2016 [ 45] Painful injury 30% (15 –46%) 64% (60 –68%) 0.8 (0.5 –1.4) 1.1 (0.9 –1.4) Enthoven 2016 [ 45] Thoracic back pain 42% (26 –59%) 78% (75 –81%) 1.9 (1.3 –3.0) 0.7 (0.5 –1.0) Henschke 2009 [ 50] Age > 70 50% 96% 11.0 (4.65 –19.48) 0.52 (0.23 –0.82) Henschke 2009 [ 50] Corticosteroids use 25% 100% 48.5,title: The diagnostic value of Red Flags in thoracolumbar pain: a systematic review | author: Maselli F | year: 2022 | authority: Disability and Rehabilitation | doi: 10.1080/09638288.2020.1804626,corpus=red_flags;source_id=2;doc=2.pdf;chunk_index=46;chunk_method=pypdf
red_flags_2_0047,(11.62 –165.22) 0.75 (0.41 –0.93) Henschke 2009 [ 50] History of trauma 25% 98% 10.0 (2.76 –26.36) 0.77 (0.42 –0.95) Hsu 2003 [ 52] Midline tenderness 62.1% 91.5% –– Hsu 2003 [ 52] Palpable midline step 13.8% 100% –– Hsu 2003 [ 52] Back bruising 6.9% 98.6% –– Hsu 2003 [ 52] Abnormal neurological signs 41.4% 95.8% –– Premkumar 2018 [ 28] Age > 50 74% 32.9% 1.1 (1.05 –1.16) 0.79 (0.69 –0.91) Premkumar 2018 [ 28] Age > 70 39% 80% 1.55 (1.36 –1.76) 0.86 (0.82 –0.91) Premkumar 2018 [ 28] History of trauma 24.7% 88.6% 2.17 (1.86 –2.54) 0.84 (0.81 –0.89) Roman 2010 [ 60] Age > 50 95% (83 –95%) 39% (38 –40%) 1.5 (1.3 –1.5) 0.14 (0.03 –0.45) Roman 2010 [ 60] Body mass index < 22 38% (24 –55%) 83% (82 –84%) 2.3 (1.4 –3.4) 0.74 (0.54 –0.91) Roman 2010 [ 60] Female gender 90% (76 –96%) 41% (41 –42%) 1.5 (1.3 –1.6) 0.26 (0.10 –0.60) Roman 2010 [ 60] Gait abnormality 66% (50 –79%) 23% (22 –23%) 0.86 (0.65 –1–02) 1.5 (0.91 –2.2) Roman 2010 [ 60] No regular exercise 81% (65 –91%) 44% (43 –45%) 1.5 (1.2 –1.6) 0.43 (0.20 –0.80) Roman 2010 [ 60] Sitting decrease pain 29% (27 –32%) 81% (79 –83%) 1.6 (1.2 –1.9) 0.87 (0.82 –0.92) Roman 2010 [ 60] Osteoarthritis 50% (35 –65%) 52% (51 –52%) 1.1 (0.70,title: The diagnostic value of Red Flags in thoracolumbar pain: a systematic review | author: Maselli F | year: 2022 | authority: Disability and Rehabilitation | doi: 10.1080/09638288.2020.1804626,corpus=red_flags;source_id=2;doc=2.pdf;chunk_index=47;chunk_method=pypdf
red_flags_2_0048,–1.4) 0.97 (0.67 –1.3) Roman 2010 [ 60] No leg pain 31% (16 –49%) 86% (85 –87%) 2.2 (1.2 –3.6) 0.81 (0.58 –0.97) Tsiang 2019 [ 68] Corticosteroids patient reported 64.8% 58.5% –– Tsiang 2019 [ 68] History of trauma 81.1% 79.1% –– Tsiang 2019 [ 68] Trauma patient reported 64.8% 58.5% –– Tsiang 2019 [ 68] Osteoporosis 81.1% 79.1% –– Van den Bosch 2004 [ 69] Age > 55 –– 1.5–8 – Sn: sensibility; Sp: specificity; LR þ: likelihood ratio positive; LR –: likelihood ratio negative. 1198 F. MASELLI ET AL.,title: The diagnostic value of Red Flags in thoracolumbar pain: a systematic review | author: Maselli F | year: 2022 | authority: Disability and Rehabilitation | doi: 10.1080/09638288.2020.1804626,corpus=red_flags;source_id=2;doc=2.pdf;chunk_index=48;chunk_method=pypdf
red_flags_2_0049,Table 4. Spinal malignancy and diagnostic accuracy. Author Red Flag Sn Sp LR þ LR– Premkumar 2018 [ 28] Age > 50 71.7% 32.6% 1.06 (0.96 –1.17) 0.87 (0.68 –1.11) Van den Bosch 2004 [ 69] Age > 55 – 1.5–8.0 – Premkumar 2018 [ 28] Age > 70 22.6% 79.5% 1.1 (0.82 –1.47) 0.97 (0.9 –1.06) Premkumar 2018 [ 28] Night pain 55.4% 41.8% 0.85 (0.83 –1.1) 1.07 (0.9 –1.27) Premkumar 2018 [ 28] Unexplained weight loss 8.2% 95.6% 1.87 (1.1 –3.17) 0.96 (0.92 –1.01) Premkumar 2018 [ 28] History of malignancy 32% 95.6% 7.25 (5.65 –9.3) 0.71 (0.64 –0.79) Tsiang 2019 [ 68] History of malignancy 91.7% 77.8% –– Tsiang 2019 [ 68] Malignancy patient reported 75% 78.7% –– Cook 2011 [ 39] No pain during flexion 67% (55 –77) 41% (40 –42) 1.1 (0.9 –1.3) 0.80 (0.56 –1.1) Cook 2011 [ 39] No pain during extension 65% (54 –75) 50% (49 –51) 1.3 (1.1 –1.5) 0.70 (0.49 –0.94) Cook 2011 [ 39] No pain during right side flexion 96% (88 –98) 4% (04 –05) 0.94 (0.85 –1.0) 1.0 (0.92 –1.0) Cook 2011 [ 39] No pain during left side flexion 96% (88 –98) 4% (03 –04) 0.99 (0.91 –1.0) 1.1 (0.37 –3.2) Donner-Banzhoff 2006 [ 43] Clinical judgment 50% 83% 2.95 0.6 Sn: sensibility; Sp: specificity; LR þ: likelihood ratio positive; LR –:,title: The diagnostic value of Red Flags in thoracolumbar pain: a systematic review | author: Maselli F | year: 2022 | authority: Disability and Rehabilitation | doi: 10.1080/09638288.2020.1804626,corpus=red_flags;source_id=2;doc=2.pdf;chunk_index=49;chunk_method=pypdf
red_flags_2_0050,likelihood ratio negative. Table 5. Spinal infection and diagnostic accuracy. Author Red Flag Sn Sp LR þ LR– Premkumar 2018 [ 28] Fever 11.7% 93.2% 1.71 (1.04 –2.81) 0.95 (0.89 –1.01) Tsiang 2019 [ 68] Fever 12.5% 99.6% –– Tsiang 2019 [ 68] Fever patient reported 25% 97.6% –– Premkumar 2018 [ 28] Chills 11.7% 93.2% 1.71 (1.04 –2.81) 0.95 (0.89 –1.01) Premkumar 2018 [ 28] Night pain 57.5% 41.8% 0.99 1.02 Premkumar 2018 [ 28] Sweating 11.7% 93.2% 1.71 (1.04 –2.81) 0.95 (0.89 –1.01) Premkumar 2018 [ 28] Persistent night sweating 17.5% 86.1% 1.26 (0.85 –1.86) 0.96 (0.88 –1.04) Premkumar 2018 [ 28] Recent infection 24.2% 97.4% 9.31 (6.63 –13.07) 0.78 (0.7 –0.86) Van den Bosch 2004 [ 69] Age > 55 –– 1.5–8.0 – Sn: sensibility; Sp: specificity; LR þ: likelihood ratio positive; LR –: likelihood ratio negative. Table 6. CES and diagnostic accuracy. Author Red Flag Sn Sp LR þ LR– Premkumar 2018 [ 28] Bladder dysfunction 22.2% 90.4% 2.31 (1.25 –4.27) 0.86 (0.72 –1.03) Raison 2014 [ 58] Bladder dysfunction 65% (44 –82%) 73% (66 –80%) 2.45 – Tsiang 2019 [ 68] Bladder dysfunction 100% 76.9% –– Tsiang 2019 [ 68] Bladder dysfunction patient rep 50% 86.5% –– Premkumar 2018 [ 28] Bowel dysfunction,title: The diagnostic value of Red Flags in thoracolumbar pain: a systematic review | author: Maselli F | year: 2022 | authority: Disability and Rehabilitation | doi: 10.1080/09638288.2020.1804626,corpus=red_flags;source_id=2;doc=2.pdf;chunk_index=50;chunk_method=pypdf
red_flags_2_0051,"13.9% 95% 2.78 (1.23 –6.3) 0.91 (0.8 –1.03) Raison 2014 [ 58] Bowel dysfunction 65% (44 –82%) 73% (66 –80%) 2.45 – Tsiang 2019 [ 68] Bowel dysfunction patient rep 50% 86.5% –– Raison 2014 [ 58] Saddle dysfunction 27% (12 –48%) 87% (81 –92%) 2.11 – Tsiang 2019 [ 68] Lower limbs weakness 100% 76.9% –– Van den Bosch 2004 [ 69] Age > 55 –– 1.5–8.0 – Sn: sensibility; Sp: specificity; LR þ: likelihood ratio positive; LR –: likelihood ratio negative. Table 7. Cardiovascular disorders and diagnostic accuracy. Author Red Flag Sn Sp LR þ LR– Goodacre 2002 [ 48] Pain radiating to upper limbs – AMI 38.2% (23.9 –55.0%) 90.6% (88.5 –92.4%) 4.07 (2.53 –6.54) 0.68 (0.52 –0.89) Goodacre 2002 [ 48] Pain radiating to upper limbs – ACS 55.6% (44.7 –65.9%) 65.6% (62.3 –68.8%) 1.62 (1.30 –2.01) 0.68 (0.53, 0.87) Body 2010 [ 27] Pain radiating to upper limbs 13.5% (8.2 –17.5%) 94.8% (93.2 –96.8%) 2.58 (1.55 –4.29) 0.91 (0.87 –0.97) Body 2010 [ 27] Pain radiated to the right arm 18.9% (12.3 –22.8%) 91.8% (89.8 –94.3%) 2.31 (1.47 –3.34) 0.88 (0.84 –0.96) Goodacre 2002 [ 48] Exertional pain – AMI 35.3% (21.5 –52.1%) 85% (82.4 –87.2%) 2.35 (1.45 –3.80) 0.76 (0.59 –0.98) Goodacre 2002 [ 48] Exertional pain –",title: The diagnostic value of Red Flags in thoracolumbar pain: a systematic review | author: Maselli F | year: 2022 | authority: Disability and Rehabilitation | doi: 10.1080/09638288.2020.1804626,corpus=red_flags;source_id=2;doc=2.pdf;chunk_index=51;chunk_method=pypdf
red_flags_2_0052,ACS 29.6% (20.8 –40.3%) 85.6% (83.0 –87.8%) 2.06 (1.41 –2.99) 0.82 (0.71 –0.95) Goodacre 2002 [ 48] Absence of chest wall syndrome 91.7% (74.2 –97.7%) 27.8% (24.6 –31.2%) 1.27 (1.12 –1.44) 0.30 (0.08 –1.14) Body 2010 [ 27] Vomiting 16.2% (9.8 –19.7%) 94.8% (93.2 –96.8%) 3.09 (1.82 –4.85) 0.88 (0.85 –0.95) Body 2010 [ 27] Sweating 59.5% (49.0 –62.7%) 54.3% (50.4 –58.6%) 1.30 (1.06 –1.43) 0.75 (0.68 –0.96) Body 2010 [ 27] Sweating observed 36.5% (22.0 –34.5%) 94.3% (92.4 –96.2%) 6.39 (3.42 –7.63) 0.67 (0.70 –0.83) Body 2010 [ 27] Central CP 85.1% 34.1% 1.29 0.44 Body 2010 [ 27] Pain left anterior 11.5% 68.2% 0.36 1.30 Body 2010 [ 27] Duration >1 h 77% (65.0 –77.5%) 44.9% (41.2 –49.4%) 1.40 (1.17 –1.46) 0.51 (0.50 –0.79) Body 2010 [ 27] Hypotension 6.8% (4.4 –12.0%) 97.7% (97.1 –99.3%) 2.92 (2.21 –10.98) 0.95 (0.90 –0.98) Body 2010 [ 27] Basal crackles 16.2% (11.8 –22.3%) 90.6% (88.9 –93.6%) 1.72 (1.30 –2.90) 0.92 (0.85 –0.97) Body 2010 [ 27] Acute ischaemic ECG changes 71% (51.3 –65.0%) 81.3% (79.1 –85.4%) 3.80 (2.69 –4.08) 0.36 (0.43 –0.60) Body 2010 [ 27] Similar to previous ischemia 22.3% 69.4 0.73 1.12 Sn: sensibility; Sp: specificity; LR þ: likelihood ratio positive; LR –:,title: The diagnostic value of Red Flags in thoracolumbar pain: a systematic review | author: Maselli F | year: 2022 | authority: Disability and Rehabilitation | doi: 10.1080/09638288.2020.1804626,corpus=red_flags;source_id=2;doc=2.pdf;chunk_index=52;chunk_method=pypdf
red_flags_2_0053,likelihood ratio negative; AMI: acute myocardial infarction; ACS: acute coronary syndrome; ECG: electrocardiogram. THE DIAGNOSTIC VALUE OF RED FLAGS 1199,title: The diagnostic value of Red Flags in thoracolumbar pain: a systematic review | author: Maselli F | year: 2022 | authority: Disability and Rehabilitation | doi: 10.1080/09638288.2020.1804626,corpus=red_flags;source_id=2;doc=2.pdf;chunk_index=53;chunk_method=pypdf
red_flags_2_0054,"diagnostic accuracy and can be easily applied by healthcare pro- fessionals. Finally, the association of multiple RFs was evaluated in only one study, without any reported increase of diagnostic accur- acy [ 62]. Concerning pulmonary disorders, several RFs from three stud- ies were identified [ 36,40,70]. Among them, only a scoring system related to the screening for PE has confirmed a moderate likeli- hood to diagnose the pathology [ 70]. Relating to gastroesopha- geal and inflammatory disorders the diagnostic accuracy data were unavailable; therefore, we listed the identified RFs, without reporting any further information [ 50,55,64]. Thus, their applicabil- ity in healthcare settings is limited. Vertebral fracture is the most analysed pathology and its relative RFs include advanced age; history of trauma; corticosteroids use; and female gender. In details, the use of corticosteroids has reported val- ues of Sn ranging between 18% and 25%; therefore, it seems to be a nearly unreliable tool in clinical practice. Furthermore, the female gender usually is ordinarily just assessed as a risk factor and not a proper RF [ 79]. However, female gender showed a better diagnostic accuracy",title: The diagnostic value of Red Flags in thoracolumbar pain: a systematic review | author: Maselli F | year: 2022 | authority: Disability and Rehabilitation | doi: 10.1080/09638288.2020.1804626,corpus=red_flags;source_id=2;doc=2.pdf;chunk_index=54;chunk_method=pypdf
red_flags_2_0055,"when combined with advanced age and history of trauma. History of trauma was not a necessary condition for having a fracture since only Tsiang et al. [ 68] provided an Sn of 81.1%, contrary to what was claimed to other three papers, which showed values between 21% and 25% [ 28,45,51]. With regard to vertebral fractures and malignancies, our results are consistent with current systematic reviews [ 13,14,17,21–23], identifying approximately the same set of RFs. Notably, analysing the diagnostic accuracy of each RF, low levels were identified for the most widespread signs and symptoms used in clinical set- tings. Thus, their reliability should be reconsidered if used as a self-contained screening tool. All identifiable hallmarks to detect fractures during the physical examination indicated a low clinical utility; nevertheless, the com- bination of multiple RFs throughout the screening process increased up to 52% the post-test probability (Sn 88%; Sp 95–100%) [ 45,50]. Figure 2. Frequency of RFs in TLP. 1200 F. MASELLI ET AL.",title: The diagnostic value of Red Flags in thoracolumbar pain: a systematic review | author: Maselli F | year: 2022 | authority: Disability and Rehabilitation | doi: 10.1080/09638288.2020.1804626,corpus=red_flags;source_id=2;doc=2.pdf;chunk_index=55;chunk_method=pypdf
red_flags_2_0056,"In case of spinal infection, the presence of fever, sweat, chills, and recent infection resulted to be important screening RFs and showed high Sp values (93.2 –99.6%), but a very low Sn (11.7–24.2%) [ 28,68]. Few authors [ 80–82] supported as important RFs for spinal infection the presence of unintentional weight loss; neurological signs; and constant pain not relieved by rest. However, no primary study has analysed their diagnostic accuracy. Besides, different authors identified RFs with high false-positive rate such as neurological signs; constant pain [ 50]; and the pres- ence of night pain [ 28]. Performing a screening for malignancy, a history of prior malignancy is the RF with the best diagnostic accuracy [ 28]. Particularly, the latter and other circumstances as an unexplained weight loss; advanced age; and night pain represent the most suggestive RFs of malignancy [ 28,39–41,43,53,68,69]. However, the absence of one or two of such RFs did not significantly enhance the LR –. Indeed, the 64% of the subjects with spinal malignancy denied any RFs during the medical interview [ 28]. Additionally, the unexplained weight loss, investigated by a few narrative reviews [ 80,81],",title: The diagnostic value of Red Flags in thoracolumbar pain: a systematic review | author: Maselli F | year: 2022 | authority: Disability and Rehabilitation | doi: 10.1080/09638288.2020.1804626,corpus=red_flags;source_id=2;doc=2.pdf;chunk_index=56;chunk_method=pypdf
red_flags_2_0057,"showed a very low Sn (8.3%) [ 28]. Combining a history of malignancy and unintentional weight loss increased the probability to rule-in the pathology up to 14.3% (LR þ 10.25) [ 28]. Sadly, although certain elements were reported as RFs have been shown poor reliability on this matter. In fact, night pain was reported by more than 55% of patients, but nonetheless it is a false positive in the 85% of patients [ 28,49]. Also, the age <20 years or >55 years displays a high false-positive rate. Eight narrative reviews examined the presence of a hidden infection as a cause for the TLP symptoms of the patients [ 80–86]; nevertheless, the low methodological quality and the opinion- based statements have reduced their usefulness in clin- ical settings. The screening process of CES has included the following RFs: bladder or bowel dysfunction; neurological signs; saddle anaes- thesia; and loss of anal sphincter tone. Despite the loss of anal sphincter tone has been reported as one of the most frequently RF, none primary study evaluated its diagnostic accuracy. The occurrence of saddle anaesthesia was analysed in two studies and showed an Sn of 24% [ 58] and 9.1% [ 63], respectively. For this",title: The diagnostic value of Red Flags in thoracolumbar pain: a systematic review | author: Maselli F | year: 2022 | authority: Disability and Rehabilitation | doi: 10.1080/09638288.2020.1804626,corpus=red_flags;source_id=2;doc=2.pdf;chunk_index=57;chunk_method=pypdf
red_flags_2_0058,"reason, its clinical utility is low [ 58]. Bladder or bowel dysfunction are cited by all the included papers [ 28,33,37,42,45,50,58, 63,68] but the reported diagnostic accuracy is very conflicting (range of Sn between 13.9% and 100%). Particularly noteworthy, albeit it has proved unhelpful in the rule-out process (Sn 8.3–27%), that pooling of several RFs improved the probability to rule-in CES to remarkable values (Sp 92 –97.2). Furthermore, only one systematic review [ 77] evaluated the diagnostic accuracy of RFs related to CES when compared to magnetic resonance imag- ing. Hence, in accordance with our results, the authors stated that RFs appear to be more specific than sensitive. Regarding the evaluation of RFs for serious spinal pathologies [ 63], although some of these have reported interesting diagnostic accuracy val- ues (see Table 8 ), it must be highlighted that the authors did not give a clear association between each RFs and the concomitant Table 8. Serious spinal pathologies and diagnostic accuracy. Author Red Flag Sn Sp LR þ LR– Shaw 2020 [ 63] Saddle anaesthesia 9.1% 99.2% 11 (3.1 –39.6) 0.9 (0.8 –1.0) Shaw 2020 [ 63] Tuberculosis history 3.0 99.7 9.8 (1.0 –91.4) 1.0",title: The diagnostic value of Red Flags in thoracolumbar pain: a systematic review | author: Maselli F | year: 2022 | authority: Disability and Rehabilitation | doi: 10.1080/09638288.2020.1804626,corpus=red_flags;source_id=2;doc=2.pdf;chunk_index=58;chunk_method=pypdf
red_flags_2_0059,(0.9 –1.0) Shaw 2020 [ 63] Intravenous drug use 12.1 98.2 6.9 (2.5 –19.4) 0.9 (0.8 –1.0) Shaw 2020 [ 63] Acute urinary retention or overflow incontinence 15.2 97.6 6.4 (2.6 –15.7) 0.9 (0.8 –0.1) Shaw 2020 [ 63] Anal tone loss or faecal incontinence 9.1 98.6 6.3 (1.9 –20.8) 0.9 (0.8 –1) Shaw 2020 [ 63] Recent infection 18.2 96.0 4.5 (2.1 –9.9) 0.9 (0.7 –1) Shaw 2020 [ 63] Inflammatory arthritis or osteoporosis fracture 30.3 93.4 4.6 (2.6 –8.1) 0.8 (0.6 –0.9) Shaw 2020 [ 63] Constant progressive non-mechanical pain 3.0 99.3 4.2 (0.5 –33.1) 1.0 (0.9 –1) Shaw 2020 [ 63] Immune suppression 12.1 96.0 3.0 (1.1 –7.9) 0.9 (0.8 –1) Shaw 2020 [ 63] Prolonged use of corticosteroids 12.1 96.9 3.9 (1.5 –10.5) 0.9 (0.8 –1) Shaw 2020 [ 63] History of trauma (major in young/minor in elderly) 27.3 90.7 2.9 (1.6 –5.3) 0.8 (0.7 –1) Shaw 2020 [ 63] Urinary symptoms 27.3 88.7 2.4 (1.4 –4.3) 0.8 (0.7 –1) Shaw 2020 [ 63] Insidious onset 6.1 97.2 2.2 (0.5 –8.8) 1.0 (0.9 –1.1) Shaw 2020 [ 63] Anticoagulated 9.1 95.4 2.0 (0.6 –6.0) 1.0 (0.9 –1.1) Shaw 2020 [ 63] Fever 3.0 98.5 2.0 (0.3 –14.4) 1.0 (0.9 –1.1) Shaw 2020 [ 63] Central spine tenderness 18.2 90.7 2.0 (0.9 –4.1) 0.9 (0.8 –1.1) Shaw 2020 [ 63],title: The diagnostic value of Red Flags in thoracolumbar pain: a systematic review | author: Maselli F | year: 2022 | authority: Disability and Rehabilitation | doi: 10.1080/09638288.2020.1804626,corpus=red_flags;source_id=2;doc=2.pdf;chunk_index=59;chunk_method=pypdf
red_flags_2_0060,"History of cancer 15.2 92.1 1.9 (0.8 –4.5) 0.9 (0.8 –1.1) Shaw 2020 [ 63] Progressive motor weakness in legs or gait disturbances 3.0 98.4 1.8 (0.3 –13.4) 1.0 (0.9 –1.1) Shaw 2020 [ 63] Known nephrolithiasis or abdominal aortic aneurysm 6.1 95.6 1.4 (0.3 –5.4) 1.0 (0.9 –1.1) Shaw 2020 [ 63] Age < 20 and over 55 3.0 97.5 1.2 (0.2 –8.8) 1.0 (0.9 –1.1) Shaw 2020 [ 63] Spinal instrumentation 3.0 97.2 1.1 (0.2 –7.8) 1.0 (0.9 –1.1) Shaw 2020 [ 63] Recent spinal procedure 3.0 97.3 1.1 (0.2 –8.1) 1.0 (0.9 –1.1) Shaw 2020 [ 63] Flank pain 9.1 87.1 0.7 (0.2 –2.1) 1.0 (0.9 –1.2) Shaw 2020 [ 63] Thoracic/chest/abdominal pain 3.0 94.1 0.5 (0.1 –3.6) 1.0 (1.0 –1.1) Shaw 2020 [ 63] Unexplained weight loss 1.1 99.9 9.2 (0.8 –100.6) 1.0 (1.0 –1.0) Shaw 2020 [ 63] Writhing in pain 5.0 99.3 6.9 (2.5 –19.9) 1.0 (0.9 –1.0) Shaw 2020 [ 63] Iritis, skin rashes (psoriasis), colitis, urethral discharge 1.7 99.6 4.6 (0.9 –22.6) 1.0 (1.0 –1.0) Shaw 2020 [ 63] Systemically unwell 62.0 84.2 2.8 (0.7 –11.4) 1.0 (1.0 –1.0) Shaw 2020 [ 63] Pregnancy 0.6 99.8 2.3 (0.2 –25.2) 1.0 (1.0 –1.0) Shaw 2020 [ 63] Age over 70 years 34.6 76.0 1.4 (1.1 –1.8) 0.9 (0.8 –1.0) Shaw 2020 [ 63] Sensory level (altered sensation",title: The diagnostic value of Red Flags in thoracolumbar pain: a systematic review | author: Maselli F | year: 2022 | authority: Disability and Rehabilitation | doi: 10.1080/09638288.2020.1804626,corpus=red_flags;source_id=2;doc=2.pdf;chunk_index=60;chunk_method=pypdf
red_flags_2_0061,trunk down) 0.6 97.9 0.3 (0.0 –2.0) 1.0 (1.0 –1.0) Shaw 2020 [ 63] Known spinal Paget ’s disease 0 99.9 0.0 1.0 Shaw 2020 [ 63] Herpes zoster rash 1.1 100 – 1.0 (1.0 –1.0) Shaw 2020 [ 63] Gradual onset before age 40 0 99.6 0.0 1.0 Shaw 2020 [ 63] Tried bed rest but no relief 0 99.8 0.0 1.0 Shaw 2020 [ 63] Morning back stiffness /C21 30 minutes 0 99.8 0.0 1.0 Sn: sensibility; Sp: specificity; LR þ: likelihood ratio positive; LR –: likelihood ratio negative. THE DIAGNOSTIC VALUE OF RED FLAGS 1201,title: The diagnostic value of Red Flags in thoracolumbar pain: a systematic review | author: Maselli F | year: 2022 | authority: Disability and Rehabilitation | doi: 10.1080/09638288.2020.1804626,corpus=red_flags;source_id=2;doc=2.pdf;chunk_index=61;chunk_method=pypdf
red_flags_2_0062,Table 9. Red Flags with more reliable diagnostic accuracy values. Author Red Flag Sn Sp LR þ LR– Fracture Enthoven 2016 [ 45] Age > 75 45% (0.28 –0.62) 85% (0.82 –0.88) 3.1 (2.0 –4.7) 0.6 (0.5 –0.9) Corticosteroids use 18% (05 –31%) 93% (91 –95%) 2.5 (1.1 –5.3) 0.90 (0.8 –1.0) Corticosteroids use 18% (05 –31%) 93% (91 –95%) 2.5 (1.1 –5.3) 0.90 (0.8 –1.0) History of trauma 21% (07 –35%) 97% (95 –98%) 6.2 (2.8 –13.5) 0.80 (0.5 –1.3) Percussion tenderness of the spine 21% (07 –35%) 81% (78 –84%) 1.1 (0.6 –2.2) 1.0 (0.8 –1.2) Severe disability 30% (14 –46%) 87% (84 –90%) 2.3 (1.3 –4.2) 0.8 (0.6 –1.0) Sudden decrease in height 9% (01 –19%) 97% (95 –98%) 2.9 (0.9 –9.4) 0.90 (0.8 –1.0) Henschke 2009 [ 50] Age > 70 50% 96% 11.0 (4.65 –19.48) 0.52 (0.23 –0.82) Corticosteroids use 25% 100% 48.5 (11.62 –165.22) 0.75 (0.41 –0.93) History of trauma 25% 98% 10.0 (2.76 –26.36) 0.77 (0.42 –0.95) Hsu 2003 [ 52] Abnormal neurological signs 41.4% 95.8% –– Back bruising 6.9% 98.6% –– Midline tenderness 62.1% 91.5% –– Palpable midline step 13.8% 100% –– Premkumar 2018 [ 28] Age > 70 39% 80% 1.55 (1.36 –1.76) 0.86 (0.82 –0.91) History of trauma 24.7% 88.6% 2.17 (1.86 –2.54) 0.84 (0.81 –0.89) Roman 2010,title: The diagnostic value of Red Flags in thoracolumbar pain: a systematic review | author: Maselli F | year: 2022 | authority: Disability and Rehabilitation | doi: 10.1080/09638288.2020.1804626,corpus=red_flags;source_id=2;doc=2.pdf;chunk_index=62;chunk_method=pypdf
red_flags_2_0063,[ 60] Age > 50 95% (83 –95%) 39% (38 –40%) 1.5 (1.3 –1.5) 0.14 (0.03 –0.45) Body mass index < 22 38% (24 –55%) 83% (82 –84%) 2.3 (1.4 –3.4) 0.74 (0.54 –0.91) Female gender 90% (76 –96%) 41% (41 –42%) 1.5 (1.3 –1.6) 0.26 (0.10 –0.60) Female gender 90% (76 –96%) 41% (41 –42%) 1.5 (1.3 –1.6) 0.26 (0.10 –0.60) No regular exercise 81% (65 –91%) 44% (43 –45%) 1.5 (1.2 –1.6) 0.43 (0.20 –0.80) Sitting decrease pain 29% (27 –32%) 81% (79 –83%) 1.6 (1.2 –1.9) 0.87 (0.82 –0.92) Tsiang 2019 [ 68] History of trauma 81.1% 79.1% –– Osteoporosis 81.1% 79.1% –– Serious spinal pathology Shaw 2020 [ 63] Acute urinary retention or overflow incontinence 15.2 97.6 6.4 (2.6 –15.7) 0.9 (0.8 –0.1) Age < 20 and over 55 3.0 97.5 1.2 (0.2 –8.8) 1.0 (0.9 –1.1) Age over 70 years 34.6 76.0 1.4 (1.1 –1.8) 0.9 (0.8 –1.0) Anal tone loss or faecal incontinence 9.1 98.6 6.3 (1.9 –20.8) 0.9 (0.8 –1) Anticoagulated 9.1 95.4 2.0 (0.6 –6.0) 1.0 (0.9 –1.1) Central spine tenderness 18.2 90.7 2.0 (0.9 –4.1) 0.9 (0.8 –1.1) Constant progressive non-mechanical pain 3.0 99.3 4.2 (0.5 –33.1) 1.0 (0.9 –1) Fever 3.0 98.5 2.0 (0.3 –14.4) 1.0 (0.9 –1.1) Flank pain 9.1 87.1 0.7 (0.2 –2.1) 1.0 (0.9 –1.2) Gradual onset before age 40 0,title: The diagnostic value of Red Flags in thoracolumbar pain: a systematic review | author: Maselli F | year: 2022 | authority: Disability and Rehabilitation | doi: 10.1080/09638288.2020.1804626,corpus=red_flags;source_id=2;doc=2.pdf;chunk_index=63;chunk_method=pypdf
red_flags_2_0064,"99.6 0.0 1.0 Herpes zoster rash 1.1 100 – 1.0 (1.0 –1.0) History of cancer 15.2 92.1 1.9 (0.8 –4.5) 0.9 (0.8 –1.1) History of trauma (major in young/minor in elderly) 27.3 90.7 2.9 (1.6 –5.3) 0.8 (0.7 –1) Immune suppression 12.1 96.0 3.0 (1.1 –7.9) 0.9 (0.8 –1) Inflammatory arthritis or osteoporosis fracture 30.3 93.4 4.6 (2.6 –8.1) 0.8 (0.6 –0.9) Insidious onset 6.1 97.2 2.2 (0.5 –8.8) 1.0 (0.9 –1.1) Intravenous drug use 12.1 98.2 6.9 (2.5 –19.4) 0.9 (0.8 –1.0) Iritis, skin rashes (psoriasis), colitis, urethral discharge 1.7 99.6 4.6 (0.9 –22.6) 1.0 (1.0 –1.0) Known nephrolithiasis or abdominal aortic aneurysm 6.1 95.6 1.4 (0.3 –5.4) 1.0 (0.9 –1.1) Known spinal Paget ’s disease 0 99.9 0.0 1.0 Morning back stiffness /C21 30 minutes 0 99.8 0.0 1.0 Pregnancy 0.6 99.8 2.3 (0.2 –25.2) 1.0 (1.0 –1.0) Progressive motor weakness in legs or gait disturbances 3.0 98.4 1.8 (0.3 –13.4) 1.0 (0.9 –1.1) Prolonged use of corticosteroids 12.1 96.9 3.9 (1.5 –10.5) 0.9 (0.8 –1) Recent infection 18.2 96.0 4.5 (2.1 –9.9) 0.9 (0.7 –1) Recent spinal procedure 3.0 97.3 1.1 (0.2 –8.1) 1.0 (0.9 –1.1) Saddle anaesthesia 9.1% 99.2% 11 (3.1 –39.6) 0.9 (0.8 –1.0) Sensory level (altered sensation trunk down)",title: The diagnostic value of Red Flags in thoracolumbar pain: a systematic review | author: Maselli F | year: 2022 | authority: Disability and Rehabilitation | doi: 10.1080/09638288.2020.1804626,corpus=red_flags;source_id=2;doc=2.pdf;chunk_index=64;chunk_method=pypdf
red_flags_2_0065,0.6 97.9 0.3 (0.0 –2.0) 1.0 (1.0 –1.0) Spinal instrumentation 3.0 97.2 1.1 (0.2 –7.8) 1.0 (0.9 –1.1) Systemically unwell 62.0 84.2 2.8 (0.7 –11.4) 1.0 (1.0 –1.0) TB history 3.0 99.7 9.8 (1.0 –91.4) 1.0 (0.9 –1.0) Thoracic/chest/abdominal pain 3.0 94.1 0.5 (0.1 –3.6) 1.0 (1.0 –1.1) Tried bed rest but no relief 0 99.8 0.0 1.0 Unexplained weight loss 1.1 99.9 9.2 (0.8 –100.6) 1.0 (1.0 –1.0) Urinary symptoms 27.3 88.7 2.4 (1.4 –4.3) 0.8 (0.7 –1) Writhing in pain 5.0 99.3 6.9 (2.5 –19.9) 1.0 (0.9 –1.0) Spinal malignancy Premkumar 2018 [ 28] Unexplained weight loss 8.2% 95.6% 1.87 (1.1 –3.17) 0.96 (0.92 –1.01) History of malignancy 32% 95.6% 7.25 (5.65 –9.3) 0.71 (0.64 –0.79) Tsiang 2019 [ 68] History of malignancy 91.7% 77.8% –– Cook 2011 [ 39] No pain during right side flexion 96% (88 –98) 4% (04 –05) 0.94 (0.85 –1.0) 1.0 (0.92 –1.0) No pain during left side flexion 96% (88 –98) 4% (03 –04) 0.99 (0.91 –1.0) 1.1 (0.37 –3.2) Donner-Banzhoff 2006 [ 43] Clinical judgment 50% 83% 2.95 0.6 Spinal infection Premkumar 2018 [ 28] Chills 11.7% 93.2% 1.71 (1.04 –2.81) 0.95 (0.89 –1.01) Fever 11.7% 93.2% 1.71 (1.04 –2.81) 0.95 (0.89 –1.01) Persistent night sweating 17.5% 86.1% 1.26 (0.85 –1.86),title: The diagnostic value of Red Flags in thoracolumbar pain: a systematic review | author: Maselli F | year: 2022 | authority: Disability and Rehabilitation | doi: 10.1080/09638288.2020.1804626,corpus=red_flags;source_id=2;doc=2.pdf;chunk_index=65;chunk_method=pypdf
red_flags_2_0066,0.96 (0.88 –1.04) Recent infection 24.2% 97.4% 9.31 (6.63 –13.07) 0.78 (0.7 –0.86) Sweating 11.7% 93.2% 1.71 (1.04 –2.81) 0.95 (0.89 –1.01) Tsiang 2019 [ 68] Fever 12.5% 99.6% –– Fever patient reported 25% 97.6% –– (continued) 1202 F. MASELLI ET AL.,title: The diagnostic value of Red Flags in thoracolumbar pain: a systematic review | author: Maselli F | year: 2022 | authority: Disability and Rehabilitation | doi: 10.1080/09638288.2020.1804626,corpus=red_flags;source_id=2;doc=2.pdf;chunk_index=66;chunk_method=pypdf
red_flags_2_0067,"pathologies. This is because they have grouped into wide cluster several conditions (e.g., fracture, infection, cancer, inflammatory spinal pathology, visceral, or systemic pathology). Concerning the internal validity of results, our systematic review has outlined a fairly good quality of the included studies, even if some methodological limitations were identified such as non-repre- sentative cohort of patients, uncomplete reporting of follow-ups data, heterogeneous set of RFs for the same pathologies, and miscellan- eous reference standards for RFs among studies. Upon the external validity, our results have been affected by two elements. First, the screening of RFs was performed mostly by physicians through a personal interview [ 40,44,50,51,65]o r administering a questionnaire [ 27,28,41,45,49]; therefore, this is not lined with the aim of informing any type of healthcare profes- sional as declared by our systematic review. Moreover, a limited number of studies have analysed the diagnostic accuracy of RFs, thus resizing their implementation in the clinical practice. Limitations This SR has several limits. First, we cannot rule-out a publication bias because the exclusion of",title: The diagnostic value of Red Flags in thoracolumbar pain: a systematic review | author: Maselli F | year: 2022 | authority: Disability and Rehabilitation | doi: 10.1080/09638288.2020.1804626,corpus=red_flags;source_id=2;doc=2.pdf;chunk_index=67;chunk_method=pypdf
red_flags_2_0068,"those papers published before 01 January 1999 [ 87]. However, we have screened seven databases and “grey” literature in order to make our search strategy sensi- tive and to improve the probability to retrieve the higher number of studies [ 29]. Moreover, we created a review protocol before the commencement of the review, but we did not submit such proto- col on the reference database (PROSPERO) [ 88]. Furthermore, we adopted the guidelines of the PRISMA statements to design the study and to guarantee a management methodology, relevance of results and clarity of optimal reporting [ 29]. Finally, only the 45% of primary studies have analysed the diagnostic accuracy of RFs due to the low prevalence of serious pathologies. Therefore, we decided to provide information concerning the clinical reliabil- ity of RFs only for signs and symptoms which diagnostic accuracy was reported. Conclusions Several clinical guidelines endorse RFs screening during the phys- ical examination of the patients, notwithstanding the lack of evi- dence in supporting the reliability of the majority of RFs commonly used in clinical practice. Despite the application of RFs as a self-contained screening tool, it",title: The diagnostic value of Red Flags in thoracolumbar pain: a systematic review | author: Maselli F | year: 2022 | authority: Disability and Rehabilitation | doi: 10.1080/09638288.2020.1804626,corpus=red_flags;source_id=2;doc=2.pdf;chunk_index=68;chunk_method=pypdf
red_flags_2_0069,"should not be supported because of the low informativeness in detecting a serious path- ology, the combination of multiple RFs showed higher diagnostic accuracy, proving to be a promising screening tool. In our system- atic review, we have analysed 40 primary studies concerning TLP identifying several RFs. Among them, only 30% have evaluated the combination of RFs. In order to develop a worthwhile diag- nostic tool for TLP, we have evaluated every available RFs, report- ing a list of their diagnostic accuracy values. Although many of these confirmed to be pointless, it is noteworthy highlighting the findings related to the scoring systems to detect PE, and the rela- tionship between CP and cardiovascular diseases, which have demonstrated good reliability. Despite our findings are promising, further primary studies related to the combination of multiple RFs are needed. Disclosure statement The authors declare that they have no competing interests. ORCID Filippo Maselli http://orcid.org/0000-0001-9683-9975 Marco Testa http://orcid.org/0000-0001-8643-7200 Data availability statement All data generated or analysed during this study are included in this published article. Other",title: The diagnostic value of Red Flags in thoracolumbar pain: a systematic review | author: Maselli F | year: 2022 | authority: Disability and Rehabilitation | doi: 10.1080/09638288.2020.1804626,corpus=red_flags;source_id=2;doc=2.pdf;chunk_index=69;chunk_method=pypdf
red_flags_2_0070,"information of this study is available from the corresponding author on reasonable request. References [1] Oliveira CB, Maher CG, Pinto RZ, et al. Clinical practice guidelines for the management of non-specific low back pain in primary care: an updated overview. Eur Spine J. 2018;27(11):2791–2803. [2] Koes BW, van Tulder M, Lin CC, et al. An updated overview of clinical guidelines for the management of non-specific low back pain in primary care. Eur Spine J. 2010;19(12): 2075–2094. Table 9. Continued. Author Red Flag Sn Sp LR þ LR– Cauda equina syndrome (CES) Premkumar 2018 [ 28] Bladder dysfunction 22.2% 90.4% 2.31 (1.25 –4.27) 0.86 (0.72 –1.03) Bowel dysfunction 13.9% 95% 2.78 (1.23 –6.3) 0.91 (0.8 –1.03) Raison 2014 [ 58] Saddle dysfunction 27% (12 –48%) 87% (81 –92%) 2.11 – Tsiang 2019 [ 68] Bladder dysfunction patient rep 50% 86.5% –– Bowel dysfunction patient rep 50% 86.5% –– Cardiovascular disorders Body 2010 [ 27] Acute ischaemic ECG changes 71% (51.3 –65.0%) 81.3% (79.1 –85.4%) 3.80 (2.69 –4.08) 0.36 (0.43 –0.60) Basal crackles 16.2% (11.8 –22.3%) 90.6% (88.9 –93.6%) 1.72 (1.30 –2.90) 0.92 (0.85 –0.97) Central CP 85.1% 34.1% 1.29 0.44 Hypotension 6.8% (4.4 –12.0%) 97.7%",title: The diagnostic value of Red Flags in thoracolumbar pain: a systematic review | author: Maselli F | year: 2022 | authority: Disability and Rehabilitation | doi: 10.1080/09638288.2020.1804626,corpus=red_flags;source_id=2;doc=2.pdf;chunk_index=70;chunk_method=pypdf
red_flags_2_0071,(97.1 –99.3%) 2.92 (2.21 –10.98) 0.95 (0.90 –0.98) Pain radiated to the right arm 18.9% (12.3 –22.8%) 91.8% (89.8 –94.3%) 2.31 (1.47 –3.34) 0.88 (0.84 –0.96) Pain radiating to upper limbs 13.5% (8.2 –17.5%) 94.8% (93.2 –96.8%) 2.58 (1.55 –4.29) 0.91 (0.87 –0.97) Sweating observed 36.5% (22.0 –34.5%) 94.3% (92.4 –96.2%) 6.39 (3.42 –7.63) 0.67 (0.70 –0.83) Vomiting 16.2% (9.8 –19.7%) 94.8% (93.2 –96.8%) 3.09 (1.82 –4.85) 0.88 (0.85 –0.95) Goodacre 2002 [ 48] Absence of chest wall syndrome 91.7% (74.2 –97.7%) 27.8% (24.6 –31.2%) 1.27 (1.12 –1.44) 0.30 (0.08 –1.14) Exertional pain – ACS 29.6% (20.8 –40.3%) 85.6% (83.0 –87.8%) 2.06 (1.41 –2.99) 0.82 (0.71 –0.95) Exertional pain – AMI 35.3% (21.5 –52.1%) 85% (82.4 –87.2%) 2.35 (1.45 –3.80) 0.76 (0.59 –0.98) Pain radiating to upper limbs – AMI 38.2% (23.9 –55.0%) 90.6% (88.5 –92.4%) 4.07 (2.53 –6.54) 0.68 (0.52 –0.89) Sn: sensibility; Sp: specificity; LR þ: likelihood ratio positive; LR –: likelihood ratio negative. THE DIAGNOSTIC VALUE OF RED FLAGS 1203,title: The diagnostic value of Red Flags in thoracolumbar pain: a systematic review | author: Maselli F | year: 2022 | authority: Disability and Rehabilitation | doi: 10.1080/09638288.2020.1804626,corpus=red_flags;source_id=2;doc=2.pdf;chunk_index=71;chunk_method=pypdf
red_flags_2_0072,"[3] Fatoye F, Gebrye T, Odeyemi I. Real-world incidence and prevalence of low back pain using routinely collected data. Rheumatol Int. 2019;39(4):619 –626. [4] Verhagen AP, Downie A, Popal N, et al. Red flags presented in current low back pain guidelines: a review. Eur Spine J. 2016;25(9):2788–2802. [5] Spencer L, McKenna L, Fary R, et al. Upper back pain in postmenopausal women and associated physical character- istics. PLoS One. 2019;14(7):e0220452. [6] Briggs AM, Smith AJ, Straker LM, et al. Thoracic spine pain in the general population: prevalence, incidence and asso- ciated factors in children, adolescents and adults. A system- atic review. BMC Musculoskelet Disord. 2009;10(1):77. [7] Geyser M, Smith S. Chest pain prevalence, causes, and dis- position in the emergency department of a regional hos- pital in Pretoria. Afr J Prim Health Care Fam Med. 2016;8(1): e1–e5. [8] Buntinx F, Knockaert D, Bruyninckx R, et al. Chest pain in general practice or in the hospital emergency department: is it the same? Fam Pract. 2001;18(6):586 –589. [9] Hickam DH. Chapter 9. Chest pain or discomfort. In: Walker HK, Hall WD, Hurst JW, editors. Clinical methods: the his- tory, physical, and",title: The diagnostic value of Red Flags in thoracolumbar pain: a systematic review | author: Maselli F | year: 2022 | authority: Disability and Rehabilitation | doi: 10.1080/09638288.2020.1804626,corpus=red_flags;source_id=2;doc=2.pdf;chunk_index=72;chunk_method=pypdf
red_flags_2_0073,"laboratory examinations. 3rd ed. Boston (MA): Butterworths; 1990. p. 72 –75. [10] Burton AK, Balagu /C19e F, Cardon G, et al. Chapter 2: European guidelines for prevention in low back pain. Eur Spine J. 2006;15(S2):s136–s168. [11] Goodman CC, Heick J, Lazaro RT. Differential diagnosis for physical therapist: screening for referral. 6th ed. Philadelphia (PA): Saunders; 2018. [12] Cook CE, George SZ, Reiman MP. Red flag screening for low back pain: nothing to see here, move along: a narra- tive review. Br J Sports Med. 2018;52(8):493 –496. [13] Henschke N, Maher CG, Refshauge KM. Screening for malig- nancy in low back pain patients: a systematic review. Eur Spine J. 2007;16(10):1673 –1679. [14] Henschke N, Maher CG, Refshauge KM. A systematic review identifies five “red flags ” to screen for vertebral fracture in patients with low back pain. J Clin Epidemiol. 2008;61(2): 110–118.e1. [15] Koes BW, van Tulder MW, Ostelo R, et al. Clinical guidelines for the management of low back pain in primary care: an international comparison. Spine. 2001;26(22):2504 –2513. [16] Henschke N, Keuerleber J, Ferreira M, et al. The methodo- logical quality of diagnostic test accuracy studies for mus-",title: The diagnostic value of Red Flags in thoracolumbar pain: a systematic review | author: Maselli F | year: 2022 | authority: Disability and Rehabilitation | doi: 10.1080/09638288.2020.1804626,corpus=red_flags;source_id=2;doc=2.pdf;chunk_index=73;chunk_method=pypdf
red_flags_2_0074,"culoskeletal conditions can be improved. J Clin Epidemiol. 2014;67(4):416–424. [17] Williams CM, Henschke N, Maher CG, et al. Red flags to screen for vertebral fracture in patients presenting with low-back pain. Cochrane Database Syst Rev. 2013;3(1): CD008643. [18] Henschke N, Maher CG, Ostelo RW, et al. Red flags to screen for malignancy in patients with low-back pain. Cochrane Database Syst Rev. 2013;28(2):CD008686. [19] Ramanayake RJC, Basnayake BT. Evaluation of red flags minimizes missing serious diseases in primary care. J Fam Med Prim Care. 2018;7(2):315 –318. [20] Finucane LM, Downie A, Mercer C, et al. International framework for Red Flags for potential serious spinal pathol- ogies. J Orthop Sports Phys Ther. 2020;50(7):350 –372. [21] Downie A, Williams CM, Henschke N, et al. Red flags to screen for malignancy and fracture in patients with low back pain: systematic review. BMJ. 2013;347:f7095. [22] Verhagen AP, Downie A, Maher CG, et al. Most red flags for malignancy in low back pain guidelines lack empirical sup- port: a systematic review. Pain. 2017;158(10):1860 –1868. [23] Parreira PCS, Maher CG, Traeger AC, et al. Evaluation of guideline-endorsed red flags to screen",title: The diagnostic value of Red Flags in thoracolumbar pain: a systematic review | author: Maselli F | year: 2022 | authority: Disability and Rehabilitation | doi: 10.1080/09638288.2020.1804626,corpus=red_flags;source_id=2;doc=2.pdf;chunk_index=74;chunk_method=pypdf
red_flags_2_0075,"for fracture in patients presenting with low back pain. Br J Sports Med. 2019;53(10):648–654. [24] Yousef E, Abdulaziz A. Pediatric chest pain: the Red Flags? J Cardiol Cardiovasc Ther. 2017;7(4):555720. [25] MacKnight JM, Mistry DJ. Chest pain in the athlete: differ- ential diagnosis, evaluation, and treatment. Clin Rev Allergy Immunol. 2005;29(2):87 –96. [26] Hung C, Hou CJ, Yeh H, et al. Atypical chest pain in the elderly: prevalence, possible mechanisms and prognosis. Int J Gerontol. 2010;4(1):1 –8. [27] Body R, Carley S, Wibberley C, et al. The value of symptoms and signs in the emergent diagnosis of acute coronary syn- dromes. Resuscitation. 2010;81(3):281 –286. [28] Premkumar A, Godfrey W, Gottschalk MB, et al. Red Flags for low back pain are not always really red: a prospective evaluation of the clinical utility of commonly used screen- ing questions for Low Back Pain. J Bone Joint Surg Am. 2018;100(5):368–374. [29] Liberati A, Altman DG, Tetzlaff J, et al. The PRISMA state- ment for reporting systematic reviews and meta-analyses of studies that evaluate health care interventions: explan- ation and elaboration. J Clin Epidemiol. 2009;62(10):e1 –e34. [30] Altman DG.",title: The diagnostic value of Red Flags in thoracolumbar pain: a systematic review | author: Maselli F | year: 2022 | authority: Disability and Rehabilitation | doi: 10.1080/09638288.2020.1804626,corpus=red_flags;source_id=2;doc=2.pdf;chunk_index=75;chunk_method=pypdf
red_flags_2_0076,"Practical statistics for medical research. London (UK): Chapman and Hall; 1991. [31] McHugh ML. Interrater reliability: the kappa statistic. Biochem Med (Zagreb). 2012;22(3):276 –282. [32] Higgins JPT, Thomas J, Chandler J, et al. Cochrane hand- book for systematic reviews of interventions. 2nd ed. Chichester (UK): Wiley; 2019. [33] Ahad A, Elsayed M, Tohid H. The accuracy of clinical symp- toms in detecting cauda equina syndrome in patients undergoing acute MRI of the spine. Neuroradiol J. 2015; 28(4):438–442. [34] Albarran J, Durham B, Gowers J, et al. Is the radiation of chest pain a useful indicator of myocardial infarction? A prospective study of 541 patients. Accid Emerg Nurs. 2002; 10(1):2–9. [35] Aydin F, Aksit E, Yildirim OT, et al. Chest pain score: a novel and practical approach to angina pectoris. A diagnostic accuracy study. Sao Paulo Med J. 2019;137(1):54 –59. [36] Bernard Bagattini S, Bounameaux H, Perneger T, et al. Suspicion of pulmonary embolism in outpatients: nonspe- cific chest pain is the most frequent alternative diagnosis. J Intern Med. 2004;256(2):153 –160. [37] Balasubramanian K, Kalsi P, Greenough CG, et al. Reliability of clinical assessment in",title: The diagnostic value of Red Flags in thoracolumbar pain: a systematic review | author: Maselli F | year: 2022 | authority: Disability and Rehabilitation | doi: 10.1080/09638288.2020.1804626,corpus=red_flags;source_id=2;doc=2.pdf;chunk_index=76;chunk_method=pypdf
red_flags_2_0077,"diagnosing cauda equina syn- drome. Br J Neurosurg. 2010;24(4):383 –386. [38] Broderick C, Hopkins S, Mack DJF, et al. Delays in the diag- nosis and treatment of bone and joint tuberculosis in the United Kingdom. Bone Joint J. 2018;100-B(1):119 –124. [39] Cook C, Ross MD, Isaacs R, et al. Investigation of nonme- chanical findings during spinal movement screening for identifying and/or ruling out metastatic cancer. Pain Pract. 2012;12(6):426–433. [40] Courtney DM, Kline JA, Kabrhel C, et al. Clinical features from the history and physical examination that predict the presence or absence of pulmonary embolism in symptom- atic emergency department patients: results of a 1204 F. MASELLI ET AL.",title: The diagnostic value of Red Flags in thoracolumbar pain: a systematic review | author: Maselli F | year: 2022 | authority: Disability and Rehabilitation | doi: 10.1080/09638288.2020.1804626,corpus=red_flags;source_id=2;doc=2.pdf;chunk_index=77;chunk_method=pypdf
red_flags_2_0078,"prospective, multicenter study. Ann Emerg Med. 2010;55(4): 307–315.e1. [41] de Schepper EIT, Koes BW, Veldhuizen EFH, et al. Prevalence of spinal pathology in patients presenting for lumbar MRI as referred from general practice. Fam Pract. 2016;33(1):51–56. [42] Domen PM, Hofman PA, van Santbrink H, et al. Predictive value of clinical characteristics in patients with suspected cauda equina syndrome. Eur J Neurol. 2009;16(3):416 –419. [43] Donner-Banzhoff N, Roth T, S €onnichsen AC, et al. Evaluating the accuracy of a simple heuristic to identify serious causes of low back pain. Fam Pract. 2006;23(6): 682–686. [44] Dugas AF, Lucas JM, Edlow JA. Diagnosis of spinal cord compression in nontrauma patients in the emergency department. Acad Emerg Med. 2011;18(7):719 –725. [45] Enthoven WT, Geuze J, Scheele J, et al. Prevalence and “Red Flags ” regarding specified causes of back pain in older adults presenting in general practice. Phys Ther. 2016;96(3):305–312. [46] Everden A, Mamo JP, Somasunderam D, et al. Bone and joint mycobacterial infection: a retrospective review of cases presenting to a UK district hospital. J Med Microbiol. 2018;67(12):1698–1705. [47] Gesuete V, Fregolent D,",title: The diagnostic value of Red Flags in thoracolumbar pain: a systematic review | author: Maselli F | year: 2022 | authority: Disability and Rehabilitation | doi: 10.1080/09638288.2020.1804626,corpus=red_flags;source_id=2;doc=2.pdf;chunk_index=78;chunk_method=pypdf
red_flags_2_0079,"Contorno S, et al. Follow-up study of patients admitted to the pediatric emergency depart- ment for chest pain. Eur J Pediatr. 2020;179(2):303 –308. [48] Goodacre S, Locker T, Morris F, et al. How useful are clinical features in the diagnosis of acute, undifferentiated chest pain? Acad Emerg Med. 2002;9(3):203 –208. [49] Harding IJ, Davies E, Buchanan E, et al. The symptom of night pain in a back pain triage clinic. Spine. 2005;30(17): 1985–1988. [50] Henschke N, Maher CG, Refshauge KM, et al. Prevalence of and screening for serious spinal pathology in patients pre- senting to primary care settings with acute low back pain. Arthritis Rheum. 2009;60(10):3072 –3080. [51] Holmes JF, Panacek EA, Miller PQ, et al. Prospective evalu- ation of criteria for obtaining thoracolumbar radiographs in trauma patients. J Emerg Med. 2003;24(1):1 –7. [52] Hsu JM, Joseph T, Ellis AM. Thoracolumbar fracture in blunt trauma patients: guidelines for diagnosis and imaging. Injury. 2003;34(6):426 –433. [53] Karlaftis A, Karamanolis G, Triantafyllou K, et al. Clinical characteristics in patients with non-cardiac chest pain could favor gastroesophageal reflux disease diagnosis. Ann Gastroenterol.",title: The diagnostic value of Red Flags in thoracolumbar pain: a systematic review | author: Maselli F | year: 2022 | authority: Disability and Rehabilitation | doi: 10.1080/09638288.2020.1804626,corpus=red_flags;source_id=2;doc=2.pdf;chunk_index=79;chunk_method=pypdf
red_flags_2_0080,"2013;26(4):314 –318. [54] Kempthorne JT, Pratt C, Smale EL, et al. Ten-year review of extradural spinal abscesses in a New Zealand tertiary refer- ral centre. J Clin Neurosci. 2009;16(8):1038 –1042. [55] Ko SY, Kim SI, Kim JH, et al. Clinically distinct characteristics in patients younger than 40 years old with non-cardiac chest pain. J Gastroenterol Hepatol. 2012;27(9):1484 –1489. [56] Milner KA, Funk M, Arnold A, et al. Typical symptoms are predictive of acute coronary syndromes in women. Am Heart J. 2002;143(2):283 –288. [57] Punukollu H, Khan IA, Punukollu G, et al. Acute pulmonary embolism in elderly: clinical characteristics and outcome. Int J Cardiol. 2005;99(2):213 –216. [58] Tobias N, Raison J, Alwan W, et al. The reliability of Red Flags in spinal cord compression. Arch Trauma Res. 2014; 3(1):e17850. [59] Reuter P, Pradeau C, Huo Yung Kai S, et al. Predicting acute coronary syndrome in males and females with chest pain who call an emergency medical communication centre. Scand J Trauma Resusc Emerg Med. 2019;27(1):92. [60] Roman M, Brown C, Richardson W, et al. The development of a clinical decision making algorithm for detection of osteoporotic vertebral compression",title: The diagnostic value of Red Flags in thoracolumbar pain: a systematic review | author: Maselli F | year: 2022 | authority: Disability and Rehabilitation | doi: 10.1080/09638288.2020.1804626,corpus=red_flags;source_id=2;doc=2.pdf;chunk_index=80;chunk_method=pypdf
red_flags_2_0081,"fracture or wedge deformity. J Man Manip Ther. 2010;18(1):44 –49. [61] S /C19anchez M, L /C19opez B, Bragulat E, et al. Triage flowchart to rule out acute coronary syndrome. Am J Emerg Med. 2007; 25(8):865–872. [62] Schillinger M, Sodeck G, Meron G, et al. Acute chest pain — identification of patients at low risk for coronary events. The impact of symptoms, medical history and risk factors. Wien Klin Wochenschr. 2004;116(3):83 –89. [63] Shaw B, Kinsella R, Henschke N, et al. Back pain “red flags ”: which are most predictive of serious pathology in the emergency department? Eur Spine J. 2020;48(8):27. [64] Park SH, Choi JY, Park EJ, et al. Prevalence of gastrointes- tinal diseases and treatment status in noncardiac chest pain patients. Korean Circ J. 2015;45(6):469 –472. [65] Svensson L, Isaksson L, Axelsson C, et al. Predictors of myo- cardial damage prior to hospital admission among patients with acute chest pain or other symptoms raising a suspi- cion of acute coronary syndrome. Coron Artery Dis. 2003; 14(3):225–231. [66] Thiruganasambandamoorthy V, Turko E, Ansell D, et al. Risk factors for serious underlying pathology in adult emer- gency department nontraumatic low back pain",title: The diagnostic value of Red Flags in thoracolumbar pain: a systematic review | author: Maselli F | year: 2022 | authority: Disability and Rehabilitation | doi: 10.1080/09638288.2020.1804626,corpus=red_flags;source_id=2;doc=2.pdf;chunk_index=81;chunk_method=pypdf
red_flags_2_0082,"patients. J Emerg Med. 2014;47(1):1 –11. [67] Timmons S, Kingston M, Hussain M, et al. Pulmonary embolism: differences in presentation between older and younger patients. Age Ageing. 2003;32(6):601 –605. [68] Tsiang JT, Kinzy TG, Thompson N, et al. Sensitivity and spe- cificity of patient-entered red flags for lower back pain. Spine J. 2019;19(2):293 –300. [69] Van den Bosch MA, Hollingworth W, Kinmonth AL, et al. Evidence against the use of lumbar spine radiography for low back pain. Clin Radiol. 2004;59(1):69 –76. [70] Wells PS, Anderson DR, Rodger M, et al. Derivation of a simple clinical model to categorize patients probability of pulmonary embolism: increasing the models utility with the SimpliRED D-dimer. Thromb Haemost. 2000;83(03): 416–420. [71] Turner T, Green S, Tovey D, et al. Producing Cochrane sys- tematic reviews —a qualitative study of current approaches and opportunities for innovation and improvement. Syst Rev. 2017;6(1):147. [72] McGee S. Simplifying likelihood ratios. J Gen Intern Med. 2002;17(8):647–650. [73] Ouzzani M, Hammady H, Fedorowicz Z, et al. Rayyan —a web and mobile app for systematic reviews. Syst Rev. 2016;5(1):210. [74] Mendeley [Internet].",title: The diagnostic value of Red Flags in thoracolumbar pain: a systematic review | author: Maselli F | year: 2022 | authority: Disability and Rehabilitation | doi: 10.1080/09638288.2020.1804626,corpus=red_flags;source_id=2;doc=2.pdf;chunk_index=82;chunk_method=pypdf
red_flags_2_0083,"Philadelphia (PA): Saunders; 2020. Available from: https://www.mendeley.com/?interaction_ required=true [75] Stang A. Critical evaluation of the Newcastle-Ottawa scale for the assessment of the quality of nonrandomized studies in meta-analyses. Eur J Epidemiol. 2010;25(9):603 –605. [76] Patel ND, Broderick DF, Burns J, et al. ACR appropriateness criteria low back pain. J Am Coll Radiol. 2016;13(9): 1069–1078. THE DIAGNOSTIC VALUE OF RED FLAGS 1205",title: The diagnostic value of Red Flags in thoracolumbar pain: a systematic review | author: Maselli F | year: 2022 | authority: Disability and Rehabilitation | doi: 10.1080/09638288.2020.1804626,corpus=red_flags;source_id=2;doc=2.pdf;chunk_index=83;chunk_method=pypdf
red_flags_2_0084,"[77] Dionne N, Adefolarin A, Kunzelman D, et al. What is the diagnostic accuracy of red flags related to cauda equina syndrome (CES), when compared to magnetic resonance imaging (MRI)? A systematic review. Musculoskelet Sci Pract. 2019;42:125 –133. [78] /C20Simundi/C19c AM. Measures of diagnostic accuracy: basic defi- nitions. EJIFCC. 2009;19(4):203 –211. [79] Cawthon PM. Gender differences in osteoporosis and frac- tures. Clin Orthop Relat Res. 2011;469(7):1900 –1905. [80] Lurie JD. What diagnostic tests are useful for low back pain? Best Pract Res Clin Rheumatol. 2005;19(4):557 –575. [81] Casazza BA. Diagnosis and treatment of acute low back pain. Am Fam Physician. 2012;85(4):343 –350. [82] Arce D, Sass P, Abul-Khoudoud H. Recognizing spinal cord emergencies. Am Fam Physician. 2001;64(4):631 –638. [83] Bowers B. Recognising metastatic spinal cord compression. Br J Community Nurs. 2015;20(4):162 –165. [84] Della-Giustina D, Kilcline BA. Acute low back pain: a com- prehensive review. Compr Ther. 2000;26(3):153 –159. [85] Della-Giustina DA. Emergency department evaluation and treatment of back pain. Emerg Med Clin North Am. 1999; 17(4):877–893. [86] Dudler J, Balague F. What is the",title: The diagnostic value of Red Flags in thoracolumbar pain: a systematic review | author: Maselli F | year: 2022 | authority: Disability and Rehabilitation | doi: 10.1080/09638288.2020.1804626,corpus=red_flags;source_id=2;doc=2.pdf;chunk_index=84;chunk_method=pypdf
red_flags_2_0085,"rational diagnostic approach to spinal disorders? Best Pract Res Clin Rheumatol. 2002;16(1):43 –57. [87] Lin L, Chu H. Quantifying publication bias in meta-analysis. Biometrics. 2018;74(3):785 –794. [88] PROSPERO [Internet]. York (UK): Centre for Reviews and Dissemination University of York; 2020. Available from: https://www.crd.york.ac.uk/prospero 1206 F. MASELLI ET AL.",title: The diagnostic value of Red Flags in thoracolumbar pain: a systematic review | author: Maselli F | year: 2022 | authority: Disability and Rehabilitation | doi: 10.1080/09638288.2020.1804626,corpus=red_flags;source_id=2;doc=2.pdf;chunk_index=85;chunk_method=pypdf
